I need to hear the song Aspro Mavro from Bill Szymczyk on Youtube|PlayMusic
play Yo Ho from the new york pops on Youtube|PlayMusic
Play some seventies music by Janne Puurtinen on Youtube.|PlayMusic
play the MÃºsica Da SÃ©rie De Filmes O Hobbit album by Alex Otaola|PlayMusic
Play Magic Sam from the thirties|PlayMusic
Play The Soft Parade.|PlayMusic
Play music by blowfly from the seventies|PlayMusic
play Jeff Pilson on Youtube|PlayMusic
play a tune by Syreeta Wright from twenties from the top|PlayMusic
Please play me Jerry Lee Lewis's If You Say So track.|PlayMusic
play the newest by Exuma|PlayMusic
Play the album alas y raÃ­ces by Dave Pybus.|PlayMusic
play music by Helen Ward|PlayMusic
Play some sixties music.|PlayMusic
Plan an album by Roni Duani.|PlayMusic
I want to listen to Born On The Bayou on Iheart|PlayMusic
Play the best music by Arthur Johnston.|PlayMusic
Play the song gangsta? by Siavash Ghomayshi|PlayMusic
Play Lukasz Gottwald album on Zvooq|PlayMusic
Play me some music by Prince Alla from the twenties|PlayMusic
Play the newest 2016 ep from Boaz Mauda.|PlayMusic
play Escapada|PlayMusic
I'd like to hear music from 1951, preferably a soundtrack.|PlayMusic
Play 2003 Ben Burnley on Spotify|PlayMusic
Play Marche Lorraine by Rachael Lampa|PlayMusic
Play some soul music|PlayMusic
Play Robin Hood Rescuing Three Squires by Bhupinder Singh|PlayMusic
Play the top-5 songs from Paddy Reilly on zvooq|PlayMusic
Open Groove Shark and play native us|PlayMusic
play chant by Prurient|PlayMusic
play Shake Your Head|PlayMusic
Play Justin Broadrick's music on Slacker.|PlayMusic
Play some 1954 songs on my Itunes.|PlayMusic
Play a 2011 ballad by Evil Jared Hasselhoff on Lastfm.|PlayMusic
play laura love songs from 1959|PlayMusic
Play Inside The Eye by twinkie clark|PlayMusic
Play Goa music on Google Music.|PlayMusic
Play The Way It Has To Be by Tom G Warrior on Zvooq|PlayMusic
Play some nineties chant music from Nicoleta Nicola|PlayMusic
Play Alone, Again from Mike Viola|PlayMusic
open Spotify and play a couple of celtic songs|PlayMusic
Play a concerto by Thekra.|PlayMusic
play The Trail Of The Lonesome Pine on Netflix|PlayMusic
Please play the newest music by Evil Jared Hasselhoff|PlayMusic
Play NoctÃ¡mbulo pl|PlayMusic
Open up Lastfm and play some songs.|PlayMusic
Can you play a top 5 song by Manos Hadjidakis|PlayMusic
Play sixties on Spotify|PlayMusic
Play music by Antonella Barba from the album Bath|PlayMusic
Play melody music from the fourties.|PlayMusic
Play some Katiejane Garside on Vimeo.|PlayMusic
Play me a top-ten song by Phil Ochs on Groove Shark|PlayMusic
Play Out From Under from Hurricane Chris|PlayMusic
Play a sound track by Pee Wee Russell on Zvooq.|PlayMusic
Play One Way Ticket by Ray Kennedy.|PlayMusic
Play my entertaining playlist|PlayMusic
Will you pull up my Jueves de AntaÃ±o playlist|PlayMusic
Play some eighties movement music|PlayMusic
Use Spotify to play me music|PlayMusic
use Deezer to play top five Moya Brennan|PlayMusic
I'd like to hear Nas's greatest ballad|PlayMusic
Open Netflix and find a movie with the song heartful|PlayMusic
PLay some fourties music from Erin Harkes|PlayMusic
Play dhafer youssef top-twenty on netflix|PlayMusic
I'd like to play the top ten Mickdeth on Google Music|PlayMusic
play music by Don Reno|PlayMusic
Play some Last Fm music like the 1992 ep from Peaches|PlayMusic
Play some indie music on spotify.|PlayMusic
Play a cohesive playlist for me|PlayMusic
Play 1966 theme music on Slacker.|PlayMusic
Play some jpop on Google Music.|PlayMusic
Play music from 2002|PlayMusic
play Lastfm pop tunes|PlayMusic
play a concerto that was most popular in 1958 by mickey hart|PlayMusic
Let me listen to Rouhollah Khaleghi on deezer.|PlayMusic
Please play music from Itunes|PlayMusic
Play me the most popular Peja song on Slacker|PlayMusic
Play my 70s Smash Hits playlist.|PlayMusic
Play me a song from the fourties|PlayMusic
Play celtic music|PlayMusic
play Moustapha Amar Make It Rain|PlayMusic
I want to hear a top ten soundtrack from 1984 by Shinehead|PlayMusic
Play the 1951 ballad|PlayMusic
I want to hear Dave Seaman's ep|PlayMusic
Play music from artist Ashley|PlayMusic
play Miguelito top charting album|PlayMusic
I want to hear Papa Mali's songs from the fifties|PlayMusic
play some tango on iheart|PlayMusic
Play jazz music by Zvooq|PlayMusic
play songs by Wise|PlayMusic
Play music from the eighties on Slacker.|PlayMusic
I want to hear Ready by Frankenstein Drag Queens From Planet 13|PlayMusic
Play a song from the seventies by Pepe Aguilar|PlayMusic
Play something by Brian Chase.|PlayMusic
open Fadl Shaker on Spotify and play a melody starting with the newest|PlayMusic
Play a Scott Lafaro soundtrack|PlayMusic
play songs from the sixties|PlayMusic
Play a tune from Space Mandino.|PlayMusic
Open Vimeo and paly every song released in 1986|PlayMusic
Find me music by Kaori Utatsuki off the album that has top-twenty hits|PlayMusic
Play my playlist TGIF on itunes|PlayMusic
Play some thrash metal.|PlayMusic
play a top-10 ballad from 1995|PlayMusic
Play ballad from Mandy Moore|PlayMusic
Play movement music from Sheryfa Luna|PlayMusic
Play the artist Joe|PlayMusic
play some Prabha Atre|PlayMusic
Play ballad music by Jeff Lynne.|PlayMusic
Play me a 1957 ep|PlayMusic
Play Pease Porridge Hot by Johnny Vicious on Zvooq|PlayMusic
play a 1994 tune by Lena Horne|PlayMusic
Play a tune by Houston on Spotify|PlayMusic
Play a top fifty track from the twenties|PlayMusic
Play Sense Tu from Ebi Hamedi|PlayMusic
play a good John Maher record with Netflix|PlayMusic
use netflix to play Bizzy Bone Kiss Me Goodnight, Sergeant Major|PlayMusic
Play music from 1969 on lastfm .|PlayMusic
play something from 1981|PlayMusic
play Heavy Machinery by Phil Spector on Zvooq|PlayMusic
Play i believe from Chico Buarque off of iheart|PlayMusic
Play some symphonic rock.|PlayMusic
Play some twenties chant music on Slacker|PlayMusic
Play some songs from the fifties|PlayMusic
Play a song by Electric Tones from their Kurutta TaiyÅ album on Last Fm|PlayMusic
play some Bertine Zetlitz record|PlayMusic
Play my Hardstyle, Baby playlist on Netflix|PlayMusic
Play the top symphony music from Ejigayehu Shibabaw|PlayMusic
Open Itunes and play Heath music from 1981|PlayMusic
I want to listen to a concerto from Timour Moutsouraev.|PlayMusic
Play me the dinner playlist|PlayMusic
play music by Shinji Miyazaki|PlayMusic
Play any music on Spotify|PlayMusic
Play a record from the seventies|PlayMusic
open the Canciones del Recuerdo playlist and play songs|PlayMusic
Play the top-10 chant by Caetano Veloso on Pandora|PlayMusic
Play Water Under The Bridge by Hariprasad Chaurasia.|PlayMusic
play Matt Uelmen songs from 1965 on Slacker|PlayMusic
I want to hear Shooby Taylor's Tearing Up The Album Charts.|PlayMusic
Play Niko from the fourties|PlayMusic
Play ClÃ¡sicos del Hip Hop EspaÃ±ol|PlayMusic
Play Circus Farm by Deana Carter.|PlayMusic
play some nineties music|PlayMusic
play music by Bryan Maclean|PlayMusic
Play POP GOES THE 80s.|PlayMusic
Play music from 2015|PlayMusic
Play music from 1964|PlayMusic
Play me songs from agreable|PlayMusic
Play tune from Sonny Stitt|PlayMusic
Play some 50 Shades of Love|PlayMusic
Play some sixties music on Slacker.|PlayMusic
Play Tomorrow|PlayMusic
Can you play a sound track by Sissieretta Jones|PlayMusic
Play me a nineties song by Joseph Genaro|PlayMusic
I want to hear Sarban's greatest hits|PlayMusic
play ray davies on Iheart by only Hit It Again|PlayMusic
Play my 88 Keys playlist.|PlayMusic
Play some Rockwell from around 1996|PlayMusic
Play me a top 20 chant by Ruwanga Samath on Lastfm|PlayMusic
play something from the twenties|PlayMusic
Play Ciribiribin by Sandeep Khare|PlayMusic
play some 1991 Dave Barker|PlayMusic
Play Wynton Kelly music on Netflix sort by popular|PlayMusic
Play bebob on Iheart|PlayMusic
Play the top 5 by Akira The Don.|PlayMusic
play some rap on Pandora|PlayMusic
Play a melody from Elmer Bernstein|PlayMusic
play The Necromancer|PlayMusic
Can you play Under The Anheuser Bush by Pete Doherty|PlayMusic
Play any song from 2001|PlayMusic
I want to hear some music from Groove Shark|PlayMusic
Play Sound Of Love from Papa Mali|PlayMusic
I wanna hear something on Spotify by Eddie Vinson|PlayMusic
Play a twenties track by the aj carothers on Zvooq.|PlayMusic
Play Magic Time by Phoebus|PlayMusic
Play Johnny Gimble|PlayMusic
play music from 1981|PlayMusic
play music on Netflix|PlayMusic
Play a tune by Andrew Findon|PlayMusic
Play the playlist, A Mis NiÃ±os de 30.|PlayMusic
Play some chanson music|PlayMusic
Play a movement from 1974.|PlayMusic
Can you play Maggie Mae on Netflix|PlayMusic
Play music by Young Steff|PlayMusic
Play Barbra Streisand music from 1997.|PlayMusic
Play greatest chant music from Beni Arashiro|PlayMusic
play Make The Cowboy Robots Cry by Sabin Rai on Vimeo|PlayMusic
Can you play me songs from the Estado de Ã¡nimo playlist?|PlayMusic
Play music by Janet Paschal|PlayMusic
Play Praise The Lord And Pass The Ammunition.|PlayMusic
Please play Short And Sweet by Teyana Taylor from my itunes.|PlayMusic
Play fourties music on Pandora.|PlayMusic
Play music by Damien Rice|PlayMusic
Play some Rachel Stevens off of Itunes|PlayMusic
Play music from the seventies for me.|PlayMusic
Play some Tony Grant.|PlayMusic
play Andy White|PlayMusic
Use Google Music to play a song|PlayMusic
Play Spotify|PlayMusic
Play music from 2007.|PlayMusic
Play me a song from the sixties|PlayMusic
play Robin Trower Unravel|PlayMusic
play the top twenty movement songs from Roberto Valverde|PlayMusic
Play hanging in the balance by Nik Kershaw on Zvooq.|PlayMusic
Play the album Vibrations by Marion Elise Raven|PlayMusic
play a track by Mila Islam from Deezer|PlayMusic
play Jawad Ahmad|PlayMusic
play fourties tunes by Bryan Webb on Groove Shark|PlayMusic
play Party Ben on Slacker|PlayMusic
Use Groove Shark to play music from the nineties|PlayMusic
Play eighties music|PlayMusic
play my Madrugando playlist on Groove Shark|PlayMusic
play Darude|PlayMusic
Play Shinji Miyazaki's music on netflix|PlayMusic
Play 2gether by Jade Puget|PlayMusic
play Wow by Jon Theodore|PlayMusic
play Doctor Fink if i could choose|PlayMusic
Please open pandora for me|PlayMusic
Can I hear a tune from Vladimir Vysotski?|PlayMusic
Please play Different Slanguages by Fred Labour.|PlayMusic
play music from the sixties|PlayMusic
I want to hear Somi's songs from the twenties|PlayMusic
play Tom Jones album from the twenties|PlayMusic
play songs on Itunes|PlayMusic
play a chant by Sonsee|PlayMusic
Play my Piano Ballads playlist.|PlayMusic
play the album a kiss before you go by Bt|PlayMusic
Play the Instrumental Study on Vimeo.|PlayMusic
Play some salsa music.|PlayMusic
Play top Rosanne Cash|PlayMusic
play Slacker tunes|PlayMusic
Play the most popular soundtrack by Elena Paparizou on youtube|PlayMusic
Play Midnight Special|PlayMusic
play pop music with Groove Shark|PlayMusic
play Takes Place In Your Work Space by Eddie Kendricks|PlayMusic
Play eighties music by Kaira Kwong on Google Music|PlayMusic
play 1970 trunes|PlayMusic
Play breathtaking music|PlayMusic
Play a track from 1985.|PlayMusic
Play shining down by Tsukiko Amano on pandora.|PlayMusic
play Who Do You Think You Are by Magnifico with spotify|PlayMusic
Play tribal|PlayMusic
Play Rain by Subliminal on Groove Shark|PlayMusic
Play ballad music from 1958|PlayMusic
Repeat the track of music|PlayMusic
Play the playlist introspective|PlayMusic
Please play a song from the thirties by Peter Murphy on Last Fm|PlayMusic
Play Party Through The Decades on Deezer|PlayMusic
Play Martha My Dear by shannon.|PlayMusic
play the greatest Adrian Kowanek music|PlayMusic
Can I hear a symphony from the seventies on Youtube?|PlayMusic
I'd like to listen to Space music|PlayMusic
play the last Niney The Observer song|PlayMusic
Play a chant by Mj Cole|PlayMusic
Play industrial music.|PlayMusic
Play always by walter parazaider.|PlayMusic
Play thirties on Lastfm|PlayMusic
play music form the fourties with Slacker|PlayMusic
Use pandora to play music from stano in the year 2005|PlayMusic
Use Groove Shark to play Krizz Kaliko|PlayMusic
Play the music of Filipp Bedrossowitsch Kirkorow's theme|PlayMusic
Play Skin & Bone by Jess Stacy on Deezer|PlayMusic
Play me a seventies ep|PlayMusic
play falco on Zvooq for Good Hit|PlayMusic
On Itunes play the latest Anna Yesipova ep|PlayMusic
Play music from the track She Came In Through The Bathroom Window|PlayMusic
play some best selling rave songs|PlayMusic
Play Change Has Come on Google Music.|PlayMusic
Play the newest stuff by blowfly|PlayMusic
Play the playlist spring|PlayMusic
I want to hear something from the nineties by Alissa Musto on Groove Shark|PlayMusic
Play Trace Adkins' music from the thirties.|PlayMusic
Play a soundtrack from 1954.|PlayMusic
Can you play something from the fourties, preferably a symphony?|PlayMusic
play Clifford Brown All Stars by Michael Balzary|PlayMusic
play Pandora Christian Gangsta Rap|PlayMusic
Play any chanson|PlayMusic
Play a chant from the fifties|PlayMusic
Play Leanne Dobinson Right To Dream|PlayMusic
play The Happiest Days Of Our Lives by Tommy Emmanuel|PlayMusic
Please play This Is The Day by Brian Robertson.|PlayMusic
play Abhijeet Bhattacharya from 1986|PlayMusic
Play a new tune by louis silvers.|PlayMusic
Play me a song by Steve Hackett from Manuel|PlayMusic
Play Portsmouth by Paul Smith on Google Music.|PlayMusic
Play Dj Drama from the 1976|PlayMusic
play my tribute by Billy Cox|PlayMusic
Play the playlist, Hardstyle, Baby.|PlayMusic
Play me a sound track by Bert Mccracken on zvooq|PlayMusic
Play some music from the fourties.|PlayMusic
Play music on Itunes.|PlayMusic
I want to hear a Sandra ep|PlayMusic
play theme by Yanni on Vimeo|PlayMusic
play fourties tunes|PlayMusic
Play a 2004 song by eliel on Zvooq.|PlayMusic
Play some music on Vimeo|PlayMusic
Play the newest music by Gladys Knight|PlayMusic
play Hora Din Moldova by Yamazaki Maso|PlayMusic
play the album Winner Takes All by Takuro with Last Fm|PlayMusic
Play the best ballad by The Rascals.|PlayMusic
Play me the track Mama Liked The Roses|PlayMusic
Play eighties|PlayMusic
Play a 2014 theme from Greg Pattillo|PlayMusic
Play some music from Roberto Carlos|PlayMusic
Play the concert from Philip Oakey 1973 concert on Netflix|PlayMusic
Play some music from 1995|PlayMusic
Play Kaori Mochida's most popular music on Google Music.|PlayMusic
Play A Chaos Of Desire from Dan Snaith|PlayMusic
Play music by Country Dick Montana.|PlayMusic
play chant from the nineties with Last Fm|PlayMusic
Play a top 5 song from Wally Bastian on Google Music|PlayMusic
Play White Noise.|PlayMusic
Play ep from Quasimoto from the nineties|PlayMusic
play a 1988 soundtrack|PlayMusic
Play a popular sound track by Joe Pass on Itunes.|PlayMusic
Play something from the jonathon lee movement|PlayMusic
play James Moody ballad|PlayMusic
I want to listen to some music from 2003 on Pandora from them|PlayMusic
play a top 50  tune from the twenties by Willi Williams|PlayMusic
play fifties track music|PlayMusic
Play theme music from 2011.|PlayMusic
play music by Billy Powell|PlayMusic
Play One Good Reason by Tommy Flanagan on Itunes|PlayMusic
Play some fun-punk|PlayMusic
Play me a song by Dj Paul Elstak in 1988 on Zvooq|PlayMusic
Play Hasan Saltik from 2004|PlayMusic
I want to hear popular music from Martin Lopez|PlayMusic
Play A Sudden Rainstorm playlist.|PlayMusic
play wendy james from the fifties|PlayMusic
Use Itunes to play music|PlayMusic
Play a Paul Davis melody|PlayMusic
Play Lorenzo Palacios Quispe|PlayMusic
Put on Vimeo and play Kacapi Suling|PlayMusic
play a soundtrack by Sarah Geronimo on google music|PlayMusic
Play me a song from 1976 by Bennie Moten|PlayMusic
I want to hear eighties music by Noko on deezer.|PlayMusic
Play some Glenn Miller.|PlayMusic
Can I hear a song by David Hodges?|PlayMusic
Play The New Retro playlist on Netflix.|PlayMusic
Play some P. J. Proby|PlayMusic
Play soundtrack by Armand Van Helden|PlayMusic
Play The Lamentation Of Cloris|PlayMusic
I want to hear the new Latin Pop Rising list|PlayMusic
Please play some music from the seventies movement|PlayMusic
play Signe Anderson chant music that is newest|PlayMusic
play Richard Thompson from the thirties song book|PlayMusic
Play funtime activity|PlayMusic
Play me a song from Luxury Liner|PlayMusic
I want to hear De Eerste Keer from Paul Caiafa  off of Google Music|PlayMusic
Play a sixties song.|PlayMusic
I want to hear some twenties music off of Deezer|PlayMusic
Play some movement from 1959 on deezer.|PlayMusic
play songs by Queen|PlayMusic
Please play good music by Will Oldham.|PlayMusic
Play a song from the thirties on Zvooq|PlayMusic
play Vanlose Stairway by Janove Ottesen|PlayMusic
Play me the last 1980 record by Brenda Kahn|PlayMusic
Play music from the top-5 from artist Kenia Arias|PlayMusic
Lets hear some 2009 music|PlayMusic
Play some bass music.|PlayMusic
Play Furusato on Google Music.|PlayMusic
Play Party Anthems|PlayMusic
use Iheart radio to play eighties music from Hugh Masekela.|PlayMusic
Play a symphony from Bob Hardy please|PlayMusic
Play some eighties music.|PlayMusic
Play a 1964 track from Shahram Nazeri on Pandora.|PlayMusic
Sort to the last song on playlist from 1983 a chant by Mark Oliver Everett|PlayMusic
Play a new symphony by Perfecto De Castro on Lastfm|PlayMusic
Play some music from the thirties.|PlayMusic
Play some Matthew Sweet music from around 1996 on Spotify|PlayMusic
open lastfm  play top hits of Simon Webbe|PlayMusic
play 1981 music on Last Fm|PlayMusic
Play a track from 1959.|PlayMusic
Play chant music by Big Dee Irwin.|PlayMusic
Play me Gil Parris's A Cup Of Coffee, A Sandwich And You|PlayMusic
Play Pura Vida.|PlayMusic
Play a top fifty ballad by Linda Strawberry on Google Music|PlayMusic
use Spotify to play greatest songs from Kailash Kher|PlayMusic
Play the newest melody by Cisco Adler on pandora|PlayMusic
Use service Vimeo to play music from the artist Mick track Now We Are 5|PlayMusic
Open Youtube and play Renaldo Lapuz record from the eighties|PlayMusic
play some good amber gristak on Lastfm|PlayMusic
play some synthpop|PlayMusic
Play music from my relentless playlist|PlayMusic
Plpay my Disco Fever playlist.|PlayMusic
play valerij kipelov on Vimeo|PlayMusic
Can you play The Change Is Made on Netflix|PlayMusic
Play some Robbie Merrill.|PlayMusic
Play me a song from the twenties by Randy Bachman|PlayMusic
I need to hear some r&b music off of iheart|PlayMusic
Play some dance music.|PlayMusic
Play new music from Liang Wern Fook|PlayMusic
listen to Pmd symphony|PlayMusic
play By The Sleepy Lagoon by Greg Kurstin|PlayMusic
I want to listen to some Saori Atsumi from the twenties on Deezer|PlayMusic
Play some gangsta music|PlayMusic
Play The Eternal by Juju Mob on Vimeo.|PlayMusic
Play me a Mario Vazquez movement|PlayMusic
Play music on Lastfm|PlayMusic
Play Eve|PlayMusic
Play music from 2011.|PlayMusic
Play some Psychedelic Rock.|PlayMusic
play Top 100 Indie Tracks on Spotify on Lastfm|PlayMusic
play an eighties track|PlayMusic
Can you play me some eighties music by Adele|PlayMusic
Play Oliver Cheatham's symphony from the thirties.|PlayMusic
Play chant music by Ira Losco on Iheart.|PlayMusic
Play me the most popular Lillian Hardin song on Itunes|PlayMusic
Play the red room sessions from chris cunningham|PlayMusic
Can i use Lastfm to listen to Twilight Time by Dj Khalil?|PlayMusic
I want to listen to Roger Daltrey from the sixties on slacker|PlayMusic
Play music from Tommy Ridgley.|PlayMusic
play All Of Your Toys by Chris Ledoux|PlayMusic
Play music by Fidel Nadal sorted by newest.|PlayMusic
Play Shaina Magdayao's music on Iheart|PlayMusic
I need to hear a thirties soundtrack|PlayMusic
Play Dave Wyndorf album|PlayMusic
Play me a song by Linn Berggren from Spotify|PlayMusic
Play me something by Funtwo|PlayMusic
Play some The Lady Is A Tramp from Timour Moutsouraev|PlayMusic
play pandora tracks by Akhtar Sadmani|PlayMusic
Please play some music from 1996|PlayMusic
Use the service Lastfm to play music by the artist ai kago|PlayMusic
Can you play a song by Ken|PlayMusic
Play music using Last Fm|PlayMusic
play some Kyle Ward from the seventies|PlayMusic
Play Bald by Kaskade.|PlayMusic
Play me some music on Deezer|PlayMusic
Play my Futuros Hits playlist on Spotify.|PlayMusic
Play Strength of Street Knowledge on Groove Shark|PlayMusic
Use Pandora to play Korean OSTs|PlayMusic
Play some Gospel music.|PlayMusic
Play satire|PlayMusic
Play the top 20 ep from the fifties by John Bundrick.|PlayMusic
Play Alfredo Zitarrosa on spotify.|PlayMusic
Play me some Terror music|PlayMusic
Play music from 2010 by Jason Donovan|PlayMusic
Play me something on Last Fm|PlayMusic
Play Giovanni Battista Guadagnini's 1982 tracks.|PlayMusic
Play some Rumba Africana.|PlayMusic
Play Greg Raposo songs from the thirties|PlayMusic
Play a top-five song by Pete Candoli.|PlayMusic
Play Iheart|PlayMusic
Play the symphony by Tetsuya Ogawa from 1953|PlayMusic
Can you play me some Pop-folk music|PlayMusic
Play that new song from 1970|PlayMusic
Play some space music on Google Music|PlayMusic
Play a song by Juanes on Last Fm|PlayMusic
Play Salmonella Dub Dvd by mario rubalcaba on Vimeo|PlayMusic
Play some music from 1958 on Deezer.|PlayMusic
I want to hear some of David Gilmour's music from 1973|PlayMusic
Play music from the playlist Late Night Jazz|PlayMusic
Play the song Victim Of Changes from Hawkshaw Hawkins on Spotify|PlayMusic
Play the music from the playlist Get Lit|PlayMusic
play Bra Vibrationer by Dean|PlayMusic
Play music from the playlist Get Your Mind Right|PlayMusic
Play Talking To The Universe on Itunes|PlayMusic
I want to hear the album Insult To Injury by Narayana Tirtha.|PlayMusic
play latest Shaggy music|PlayMusic
Play Slacker radio.|PlayMusic
Will you play a ballad from Mahalaxmi Iyer|PlayMusic
use Spotify to play Nina Persson from 1962|PlayMusic
I want toi hear some Pop Punk Perfection í ¼í½ off of Deezer|PlayMusic
Start up my Independent Music Monday playlist.|PlayMusic
Play That Would Be Something by Eden Ahbez|PlayMusic
Please play Every Woman In Me|PlayMusic
Play some Ven A Mi|PlayMusic
Please play some fourties music on Spotify|PlayMusic
Play Dj Cameo on itunes.|PlayMusic
play some gotye|PlayMusic
play This Is Colour by Panda Bear|PlayMusic
Play songs by Cheryl Wheeler|PlayMusic
Play the most popular song from Chae Yeon off of Spotify|PlayMusic
Please play me something by New Wave Of American Heavy Metal|PlayMusic
Play Deezer|PlayMusic
Play me the best Charles Neidich song|PlayMusic
I want to hear the sound track to Mary Macgregor new songs on Iheart|PlayMusic
Play music on the playlist Electronic Gaming|PlayMusic
I want to hear some Bill Black chant music|PlayMusic
Play some thirties music on Netflix.|PlayMusic
play some eighties by Amirbai Karnataki|PlayMusic
Open Youtube and play Connie Francis Sings Spanish And Latin American Favorites from Yukiko Iwai|PlayMusic
Play the Ricky Wilson album Spectral Dusk|PlayMusic
Play Red Barchetta by Blind Lemon Jefferson.|PlayMusic
Play the track R U Professional by Roberto Carlos Braga|PlayMusic
play drive playlist|PlayMusic
Play Regulateâ¦g Funk Era by artist Iouri Bachmet on groove shark|PlayMusic
play music from Itunes for Ric Grech|PlayMusic
Play some music on Lastfm.|PlayMusic
Play The Fool On The Hill by Khwaja Ghulam Farid|PlayMusic
Play the best songs of 2016|PlayMusic
Play something by Chris Knight|PlayMusic
Wish to hear a concerto by Diplo from 1952|PlayMusic
play songs from Youtube|PlayMusic
Play an album from the fourties, new first.|PlayMusic
Play Chantal Kreviazuk, Sister Ray|PlayMusic
play Isaac Hayes on Pandora from love, sweat and beer ep|PlayMusic
play Only Hope by Graham Bonnet|PlayMusic
Play some Avantgarde music on Netflix.|PlayMusic
Play gothic music|PlayMusic
I want to hear Song For Adam|PlayMusic
Play the playlist Feel Good Dinner.|PlayMusic
Play the top track by Claudja Barry on Last Fm|PlayMusic
Play some Iris Dement's theme based 2015 music on lastfm|PlayMusic
Play the latest ballad by September|PlayMusic
Play fifties music|PlayMusic
play songs by Sarah Harding|PlayMusic
Play Maggot Brain by Albano Carrisi|PlayMusic
Play a Jack Lawrence concerto|PlayMusic
I want to hear the top Tim Madison|PlayMusic
Play the 1991 soundtrack from Ian Mcdonald|PlayMusic
Play the best songs by Jes Brieden|PlayMusic
Play me a song by Kevin Cadogan|PlayMusic
Play something from my Songs For You, Not Your Parents playlist|PlayMusic
Play Making Out by Alexander Rosenbaum off Google Music.|PlayMusic
Play Rocket Queen on Itunes|PlayMusic
Please play a song by Everlast|PlayMusic
Play me some chant from the last half of the sixties|PlayMusic
Play music by Paul Mccartney|PlayMusic
Play some Krzysztof Penderecki on Last Fm|PlayMusic
Play easy listening|PlayMusic
play Robert Stoddard from 1988|PlayMusic
Play Gloria on last fm|PlayMusic
play some movement by Dj Spinna|PlayMusic
play Lily, Rosemary And The Jack Of Hearts by Chris Goss|PlayMusic
play Zvooq latest track by Peter Appleyard|PlayMusic
Play Brenda Kahn's Rushall Station.|PlayMusic
play the top five songs by Isaac Hayes|PlayMusic
Play some music from the thirties.|PlayMusic
Play 2011 music|PlayMusic
I want to hear Sebastian's songs from the thirties on Youtube|PlayMusic
Play top 20 from frank farian|PlayMusic
Play some music using slacker|PlayMusic
Play some psychadelic music.|PlayMusic
Play some Geir Jenssen.|PlayMusic
Start playing my Disney playlist.|PlayMusic
I want to hear a Gucci Mane song from Last Fm from 2002|PlayMusic
Play me a 2003 song by Charles Neidich|PlayMusic
I want to hear some songs from the twenties|PlayMusic
I'd like to hear chant songs from nineties|PlayMusic
Can you play the newest record from 1966 by Tony Lee|PlayMusic
Please play Kabhi Jo Baadal Barse by Ruth Lorenzo|PlayMusic
Play a record from 2015|PlayMusic
Use the service Zvooq to play top-10 by artist Coolio|PlayMusic
Play thirties symphony music from Nigga on Iheart|PlayMusic
play a sound track by Tom Thacker|PlayMusic
Play some Laurie Anderson.|PlayMusic
Open Last Fm and play the top song from Daniel Lee Chee Hun|PlayMusic
play some twenties music on Iheart|PlayMusic
Play popular eighties record|PlayMusic
Play the track Grow Old With Me by artist Chloe Rose Lattanzi|PlayMusic
on Deezer play fourties tunes by Jona Bechtolt and a ballad|PlayMusic
play Kings Of The Wild Frontier by Andrea Bocelli|PlayMusic
Play an album from 1987.|PlayMusic
Play music from 1960|PlayMusic
Play a movement from the nineties|PlayMusic
Play Bob Hilliard top-twenty music|PlayMusic
Play a seventies soundtrack by steve walsh on Groove Shark|PlayMusic
Use Deezer service to play Opera|PlayMusic
play Zvooq|PlayMusic
I want to hear Techno-industrial music.|PlayMusic
play the top song by Amon Amarth on Groove Shark|PlayMusic
Play Julie Driscoll|PlayMusic
play something from the twenties|PlayMusic
Play The View From The Afternoon by Malese Jow on Last Fm|PlayMusic
play songs by Sammy Fain|PlayMusic
Play music from the year 1964|PlayMusic
Play the heinz strobl ep from 2016 on Groove Shark|PlayMusic
Play me Leonid Soybelman on Vimeo.|PlayMusic
Play a song from my workout playlist on Groove Shark|PlayMusic
play some Alte Kameraden music|PlayMusic
Play the music Hands Up|PlayMusic
Play some twenties theme music on Google Music.|PlayMusic
Play a fifties album on Itunes.|PlayMusic
Play genre opera|PlayMusic
Play shadowplay by Dana on Deezer.|PlayMusic
Play music on Deezer by Imogen Heap|PlayMusic
Find a top fifty zahir howaida concerto from the seventies|PlayMusic
Play the newest twenties melody.|PlayMusic
I want to hear Box Of Rain by Skeets Mcdonald|PlayMusic
Please play Casino Boogie|PlayMusic
I want to hear a full album on youtube by Jem Godfrey|PlayMusic
Play an Asha Bhosle song from around 1964|PlayMusic
Play music from the twenties.|PlayMusic
Play something by Louisiana Blues|PlayMusic
Play new Ian Mclagan|PlayMusic
Play music on Itunes|PlayMusic
I want to hear Ding Dong Bell on groove shark|PlayMusic
Play fifties music on Slacker.|PlayMusic
Play Before I Grew Up To Love You by Wafah Dufour|PlayMusic
Play a Jim Mullen ep from the sixties|PlayMusic
Play some good music from 2012.|PlayMusic
Play the greatest soundtrack by Nhat Son on Last Fm.|PlayMusic
Play the top hits of 2016|PlayMusic
Play Fight On, State.|PlayMusic
Use Pandora to play music from Maki Onaga from the album made in the nineties|PlayMusic
Play the top five Cemil Bey songs|PlayMusic
Play opera music on google music|PlayMusic
play music by Francis Healy|PlayMusic
play a track from the thirties|PlayMusic
Play music on Spotify.|PlayMusic
play newest soundtrack from 2008|PlayMusic
play Itunes  songs by Gerard Way|PlayMusic
Play Cherry Pink by Trapp Mendoza on Iheart|PlayMusic
Play Rei Momo newest album|PlayMusic
I want to hear a track by Ryohei Yamamoto on Vimeo|PlayMusic
Start up my nostalgic playlist.|PlayMusic
play some papoose from 2003 on youtube|PlayMusic
Use Deezer to play music by Kimberley Walsh|PlayMusic
Play Punk Rock music|PlayMusic
Play something by Louis Nelson Delisle.|PlayMusic
play 1962 music on Netflix|PlayMusic
Play a song by David Silveria from 2002 on Zvooq.|PlayMusic
play the 2014 album from la lupe|PlayMusic
Play Revival music.|PlayMusic
I want to hear opera on Netflix|PlayMusic
play the song Si No Te Hubiera Conocido by Haidar Salim|PlayMusic
Start up my Pachangueo Total playlist.|PlayMusic
Open the playlist from Sergei Chatschatrjan|PlayMusic
open Itunes and play Kenny Cox most popular concerto|PlayMusic
play the Gary Chaw album|PlayMusic
Play me some grunge music|PlayMusic
Play Chris Goss on Netflix|PlayMusic
Play The Garden Of Allah  from Wade Mainer|PlayMusic
Play Alles Heeft Ritme by Liu Tianhua.|PlayMusic
Play the best Vanessa Peters songs|PlayMusic
Play That Stubborn Kinda Fellow by Michael Amott|PlayMusic
play a 1983 concerto by Ayaka on Itunes|PlayMusic
I want to hear Dido from 1966 on Youtube|PlayMusic
Play Andy Williams Sings Rodgers And Hammerstein by elica todorova|PlayMusic
Play Tujiko Noriko's Ten Years And Running.|PlayMusic
Open google music and play Women of Jazz playlist|PlayMusic
Play christian gangsta rap|PlayMusic
Play Donald Rubinstein on Pandora|PlayMusic
Play Shinya Yamada music from 1962 on Groove Shark|PlayMusic
play the greatest Vimeo tunes by angelo amorevoli on soundtrack|PlayMusic
Play some Google Music.|PlayMusic
Open Deezer and play top 40 hits|PlayMusic
Play me a nineties sound track|PlayMusic
play a symphony that is good from 2000|PlayMusic
Play some music on Pandora|PlayMusic
play music from the twenties|PlayMusic
play the most popular Miles Jones track|PlayMusic
Play Miyavi's music from seventies on Google Music.|PlayMusic
Play a twenties soundtrack on Youtube|PlayMusic
Play slow rock music|PlayMusic
Play some techno on Lastfm|PlayMusic
Will you play me the most popular sound track from 2006|PlayMusic
Play the song I Get Ideas as performed by Richard Kruspe|PlayMusic
Play new track from the fifties|PlayMusic
Can you play an ep from the year 1958?|PlayMusic
play scott la rock from Stella on Slacker|PlayMusic
Play Thelma Aoyama's latest concerto|PlayMusic
Make and play a new playlis with the theme songs released in 1968|PlayMusic
Play the tune by Adam Yauch|PlayMusic
Play some melody from the eighties on Spotify|PlayMusic
Play music by mina caputo on Lastfm|PlayMusic
Play some fifties music by Origa.|PlayMusic
Play a popular Gurdas Maan track|PlayMusic
play an album on Netflix by chris castle from 2011|PlayMusic
Play the most popular music by Ronald Isley on Google Music|PlayMusic
Play the top-20 music by merz|PlayMusic
play twenties music off of my Itunes|PlayMusic
Play a Mike Osborne song|PlayMusic
play Groove Shark|PlayMusic
Play me a Maia Hirasawa soundtrack from 1951|PlayMusic
Play Elysium from Ryan Cayabyab|PlayMusic
play Matt Walker tunes|PlayMusic
play Solange 2016 album|PlayMusic
Play a soundtrack by Mike Hindert on Spotify.|PlayMusic
Play the top-5 sort of ballad music from 2012.|PlayMusic
I want to listen to Lastfm, play A Drop Of The Hard Stuff by Joi Chua.|PlayMusic
play Pop 2017 Picks|PlayMusic
play Groove Shark|PlayMusic
I want hear some Junior Murvin off of Youtube|PlayMusic
I want to hear a top-50 track from Takahito Eguchi on Google Music|PlayMusic
Play 25 To Life by Paul Riley on Deezer.|PlayMusic
Play me some seventies music with a good melody|PlayMusic
play an Masaki Aiba tune|PlayMusic
play Morning Song|PlayMusic
I want to hear a fourties ballad by Luciano|PlayMusic
play a good 1952 symphony|PlayMusic
play Hardcore music|PlayMusic
Play a top twenty symphony by Bumble Bee Slim|PlayMusic
play Wait Until Tomorrow|PlayMusic
play a music ballad from the sixties|PlayMusic
Play the top 1991 sound track|PlayMusic
Play the latest songs by Larry Gatlin on Iheart|PlayMusic
Play me a bluegrass song|PlayMusic
Play a sixties song by Classified|PlayMusic
play Monie Love tunes on Google Music from 1984 from her song list|PlayMusic
Play pop|PlayMusic
Play a melody from Elmer Bernstein|PlayMusic
I want to listen to my Spain Top 50 playlist on groove shark|PlayMusic
Play top-ten eighties song|PlayMusic
Play Michael Angelo Batio|PlayMusic
Play a twenties concerto from Roger Taylor on deezer|PlayMusic
play dj kentaro from the year 1994|PlayMusic
play a twenties song|PlayMusic
Can you play me a track from the nineties?|PlayMusic
Play a song off Get Up Offa That Thing by Doseone on Last Fm|PlayMusic
Play a movement fromthe eighties by Nobuo Uematsu.|PlayMusic
Play In Every Dream Home A Heartache by vincent paul abbott|PlayMusic
Play the newest released song from 1951|PlayMusic
use Slacker to listen to seventies music|PlayMusic
Play the best song by Henry Rollins.|PlayMusic
play my melodious playlist|PlayMusic
Play top music from Charles L. Johnson on vimeo|PlayMusic
Play the top-twenty from Tony Calder off Slacker.|PlayMusic
play anything from the twenties|PlayMusic
Play music from 2012 by Yossif Kobzon on last fm.|PlayMusic
Play the theme tune that Christian Fennesz wrote|PlayMusic
Open Youtube and play Nanana from Massimo Altomare|PlayMusic
Open Lastfm and play a voluntad del cielo from Wax|PlayMusic
I want to hear a 1957 theme song|PlayMusic
Play my Electro Sur playlist.|PlayMusic
play the last track by Shavo Odadjian|PlayMusic
Play Brotherhood by Ock Joo-hyun|PlayMusic
play latest George Ducas music|PlayMusic
play a tune from 1962|PlayMusic
play I Could Write A Book|PlayMusic
listen to acapella|PlayMusic
Play music from 2005 by Justin Broadrick|PlayMusic
Play the best 1981 sound track from Ric Fierabracci|PlayMusic
Play a ballad by Owen Pallett from the seventies on Slacker.|PlayMusic
Play concerto from 1951|PlayMusic
Play Yung Joc on slacker|PlayMusic
I want to listen to Speed Metal Symphony|PlayMusic
play journey list|PlayMusic
Play a melody by Hagigat Rzayeva|PlayMusic
Play fifties from Sirusho Harutyunyan|PlayMusic
Play a fairouz tune on Deezer|PlayMusic
play the top-twenty songs by The Kleptones on Spotify|PlayMusic
Play the greatest music you can find by Ari Herstand on Zvooq|PlayMusic
play 90s Love Songs on Youtube|PlayMusic
Please play Got The Time|PlayMusic
Play twenties from Ken Floyd|PlayMusic
Play the playlist Grime Shutdown|PlayMusic
Play Masashi Hamauzu's newest symphony on Itunes.|PlayMusic
Play the playlist funtime activity|PlayMusic
Play some seventies songs from Luke Haines off of youtube|PlayMusic
Play Clay Aiken's The Bonny Hind on Groove Shark.|PlayMusic
Play a song from Helena Iren Michaelsen on Spotify|PlayMusic
Play thirties music by Flex on Google Music|PlayMusic
Play the good sort of 1992 theme music by Layzie Bone|PlayMusic
Play the last soundtrack from the sixties|PlayMusic
Play the latest ep from Lobby Loyde on Netflix|PlayMusic
Play some Dave Pearce.|PlayMusic
play track Her Majesty|PlayMusic
I want to hear the newest music from The Railway Children|PlayMusic
Play Short Walk On A Long Pier on Slacker|PlayMusic
I want to hear Vegetables by pharrell williams|PlayMusic
Play the album Making Evening And Night by Cevin Key|PlayMusic
Create a theme station with Jim Creeggan records and collabs|PlayMusic
Open Pandora and play Reggaeton 2017 y Baila!|PlayMusic
Play a Martyn Bennett from 1957 on Pandora|PlayMusic
Play the Mother Lode by Tamio Okuda|PlayMusic
Play the top melody from artist Maakii|PlayMusic
Play any album from the twenties|PlayMusic
Play me a song on Pandora|PlayMusic
Play me a song by Stephen Jones|PlayMusic
Play a 1998 sound track  from Sam The Kid on Last Fm|PlayMusic
Play an ep by Uncle Jimmy Thompson|PlayMusic
Play some Game music.|PlayMusic
Play music from 2012 on Netflix.|PlayMusic
I want to hear a good song from 2016|PlayMusic
Play the playlist Gypsy Swing|PlayMusic
play some grunge|PlayMusic
Play some Sam Moore.|PlayMusic
play Mikazuki Sunset|PlayMusic
Play music on itunes from artist Jessica Delfino|PlayMusic
open Deezer and search for Scott Miller and play some of his new songs|PlayMusic
play Peja tunes|PlayMusic
Play a Wendy Carlos song from 2002|PlayMusic
Play a new song form the eighties|PlayMusic
Play the track titled Faget|PlayMusic
Play the top song by Jack Grisham|PlayMusic
Please play Jag Vill Leva I Europa by porta|PlayMusic
Want to hear a chant by Nellie Mckay from the year 2008|PlayMusic
Play the top-ten chant Doda songs from the twenties.|PlayMusic
Play sound track  music from the twenties|PlayMusic
Play some Carmen Mcrae from Ed Robertson off of Itunes|PlayMusic
play a song by Fats Waller|PlayMusic
I'd like to listen to Diana Vickers best tune from the twenties|PlayMusic
Can you play any chant from the fourties?|PlayMusic
Play some music by Daniel Carter|PlayMusic
Play twenties on Groove Shark|PlayMusic
Play twenties symphony from Robert Walter|PlayMusic
Can you play a sonata|PlayMusic
Let's listen to the most popular Marty Friedman songs on Zvooq.|PlayMusic
Play an album from the fourties|PlayMusic
Play me a Xuefei Yang symphony on Groove Shark|PlayMusic
play soem nineties Charles Thompson|PlayMusic
Play some dance music|PlayMusic
Let's hear some tunes from the thirties.|PlayMusic
Play the seventies album on last fm|PlayMusic
Play music from Lastfm and Deezer.|PlayMusic
play TÃ© Para Tres|PlayMusic
Play artist stu davis from the album Dub Chamber 3 on Netflix|PlayMusic
Play music by Ian Haugland|PlayMusic
Play some Drum & Bass|PlayMusic
play a symphonic rock on Pandora|PlayMusic
Play the last theme by Behzad Mirkhani.|PlayMusic
Open Netflix and play David Frizzell|PlayMusic
Can you play Crossover?|PlayMusic
Plya a tune by Kancherla Gopanna from 1951 on Zvooq|PlayMusic
Play some fourties music on Spotify.|PlayMusic
play the album Everybody Happy by Lee Aaron|PlayMusic
Play the theme music from 1963 by Yuki Koyanagi|PlayMusic
play Groove Shark folk-rock|PlayMusic
play the album How Insensitive|PlayMusic
play some Classical music on Spotify|PlayMusic
Play Used To Love Her by Dara.|PlayMusic
Play me a twenties tune on Deezer|PlayMusic
play music by Cass Elliot|PlayMusic
Play concerto from the eighties|PlayMusic
Play On My Own|PlayMusic
Play Nick Hexum latest album|PlayMusic
Play me a twenties song|PlayMusic
play a ballad from 2000|PlayMusic
Play the sound track by Ferry Corsten|PlayMusic
Play a 2009 concerto on Deezer.|PlayMusic
Play me some Max Martin on Lastfm|PlayMusic
play some Sia Furler on Last Fm|PlayMusic
Play the thirties soundtrack by ghader abdollahzadeh on Youtube|PlayMusic
play Say A Word by La India|PlayMusic
Play me a fifties song by Chingy|PlayMusic
Play music from Paul Landers|PlayMusic
Play Taiwan Is Good by Kotoko.|PlayMusic
I'm in the mood to listen to meditative music.|PlayMusic
Play Hughie Graham by Vidyadhar Vyas|PlayMusic
Give me an album from 1972 to listen to.|PlayMusic
Play some 1962 theme music.|PlayMusic
Play NoctÃ¡mbulo playlist|PlayMusic
Play Annet Artani soundtrack on Slacker|PlayMusic
play the track The Wizard And I|PlayMusic
Play Crossroad Blues.|PlayMusic
Play some amber kuo from the eighties on Spotify.|PlayMusic
I need to hear some music from Spotify|PlayMusic
Play some sister rosetta tharpe songs from the eighties|PlayMusic
Play on spotify Ms Scandalous|PlayMusic
Play a twenties tune by Jodie Aysha.|PlayMusic
play Addicted To You by Hank Ballard|PlayMusic
Play Tooh by Eric Bazilian on Google Music.|PlayMusic
Play music by Keren Woodward|PlayMusic
Play music by Paulinho Da Viola from 1965|PlayMusic
Play Sergei Anatoljewitsch Kurjochin's music on Groove Shark.|PlayMusic
Play the song Little Robin Redbreast|PlayMusic
Play music from the artist Irma Pane|PlayMusic
Play an Andy Silvester sound track from the thirties on Spotify|PlayMusic
Play the music of Tupac Shakur|PlayMusic
Play anything from the top-50 Jeff Irwin record off of itunes|PlayMusic
Play Tina Cousins from 1956|PlayMusic
Play the music genre Synthpop|PlayMusic
Play me songs from 1955|PlayMusic
Use itunes to play dancing playlist|PlayMusic
Play movement music by Monk Boudreaux on youtube|PlayMusic
Play the best Bruce Ruffin music on Youtube.|PlayMusic
Play some showtunes music.|PlayMusic
play music from 2014|PlayMusic
play There Must Be More To Life Than This|PlayMusic
Play Suite Sudarmoricaine by Afi on itunes|PlayMusic
play the top-twenty margaret becker songs with google music|PlayMusic
Play the new music from Wilko Johnson|PlayMusic
play Iheart tunes by Neil Finn|PlayMusic
Play some music on Slacker|PlayMusic
Play the album Shooting Silvio by Dave Sabo|PlayMusic
I want to hear music from carman from the 1966 album|PlayMusic
Play my Fusion Fest playlist on Youtube|PlayMusic
Play 2004 Guy Sebastian on Itunes|PlayMusic
Play Vic Ruggiero music from 2007|PlayMusic
Play All The Way My Savior Leads Me on Spotify|PlayMusic
Play some nineties music on Pandora|PlayMusic
Play fifties music|PlayMusic
Play some nineties Eliza Carthy|PlayMusic
I want to hear sia furler's popular songs on Last Fm|PlayMusic
Play Seaside by Don Cherry.|PlayMusic
Play record from the seventies|PlayMusic
Play any chant from 1973|PlayMusic
play top tunes by Joseph Utsler|PlayMusic
play southern rock tunes|PlayMusic
Play me some music youtube|PlayMusic
play Iheart|PlayMusic
Play Igor Nikolayev music from the fourties|PlayMusic
Please play songs by Lil Jon|PlayMusic
play Victoria Banks's album|PlayMusic
play a song by Busta Rhymes|PlayMusic
Play the album Resurrection In Blood from Sleepy Brown on Itunes.|PlayMusic
Play fifties music by Ahmed Abdul Malik|PlayMusic
Play the greatest record by Joe Purdy on Google Music|PlayMusic
play some latin on Zvooq|PlayMusic
I want to hear the top 5 Jamie Lidell songs|PlayMusic
I want to hear gothic rock on Lastfm|PlayMusic
Play iheart|PlayMusic
play Wolves by Larry Gatlin|PlayMusic
Play That Stubborn Kinda Fellow by Michael Amott|PlayMusic
play Long Way To Go by Keita Tachibana|PlayMusic
Play the most popular ep by marcel khalife on Netflix|PlayMusic
Play album from Maureen Mcgovern|PlayMusic
Play music on Deezer.|PlayMusic
Play music from 2000 on spotify|PlayMusic
Play the newest Phil Stacey.|PlayMusic
Play music on Last Fm|PlayMusic
I'd like to listen to opera on Youtube|PlayMusic
Play Listen To The Mocking Bird by Billy Martin on Youtube|PlayMusic
Can you play me something from the eighties on Youtube|PlayMusic
Play Spotify|PlayMusic
Play the top-fifty theme songs by Dennis Brown.|PlayMusic
Play a popular chant by Brian Epstein|PlayMusic
Play a chant from 1978.|PlayMusic
Play a song off the Nicht Sprechen album|PlayMusic
play Netflix ballad by Mike Shinoda that is popular|PlayMusic
play Isaac Yamma Slut|PlayMusic
play Joey Fatone soundtrack tunes from Google Music from 1972|PlayMusic
Play music on pandora|PlayMusic
Play a record from 1950.|PlayMusic
I want to the latest ballad from Ira Losco|PlayMusic
Play music from 1958.|PlayMusic
Can you play a 1967 soundtrack on Slacker|PlayMusic
Play the last Wellman Braud album relaesd|PlayMusic
play fifties movement songs by Fabio on Last Fm|PlayMusic
Play my Under The Surface playlist.|PlayMusic
play deezer top 20 by Natasja|PlayMusic
play a ballad by Bob Johnston|PlayMusic
Play the latest Joan Baez.|PlayMusic
Play the album Qr Iii by bobby bare|PlayMusic
Play Les Pauvres Riches by Pan Mei Chen.|PlayMusic
Play some 1987 Edie Brickell.|PlayMusic
Play my Jazz Brasileiro playlist|PlayMusic
I'd like to hear Cry Baby Cry by Ally Kerr.|PlayMusic
play a top-twenty tune by Noor Jehan|PlayMusic
Open Itunes and play Bad Attitude|PlayMusic
Do you have something like Impossible Is Nothing by Abderrahmane Abdelli?|PlayMusic
Play music from jeremy taylor on the album Dormi Amore, La Situazione Non Ã Buona on Groove Shark|PlayMusic
play caitlin cary from the fourties|PlayMusic
Play some gothic rock.|PlayMusic
Play some fast fusion on Spotify|PlayMusic
Play The God That Failed on Vimeo.|PlayMusic
Open up music on Last Fm.|PlayMusic
Play some David Mallett on last fm|PlayMusic
play playlist A Mis NiÃ±os de 30|PlayMusic
Play This Is: Animal Collective please|PlayMusic
play the latest melody from Cliff Edwards on Deezer|PlayMusic
play any sixties song|PlayMusic
Play a top-ten chant by Kelly Groucutt from 1964|PlayMusic
Play Intense Studying playlist on Itunes.|PlayMusic
Play some Mf Doom from the sixties on pandora.|PlayMusic
Can you play a song off the album, jungle|PlayMusic
play a theme from 1985 by Patrick Cowley|PlayMusic
play songs by Gamble Rogers|PlayMusic
I want to hear theme songs from zeebra from the sixties on Slacker|PlayMusic
Play a tune by Layne Staley|PlayMusic
play music by Amii Stewart with Itunes|PlayMusic
Play Tanti Auguri A Te from Bruce Gilbert|PlayMusic
I want to listen to nineties chant songs|PlayMusic
Play some Paulinho Da Viola from 1965.|PlayMusic
I want to listen to an album sorted by last, open Google Music and play Paulinho Da Viola.|PlayMusic
play the greatest james yorkston song|PlayMusic
I want to hear the Live At Slane Castle album by Haifa Wehbe|PlayMusic
Play symphony music from Joe Dolce|PlayMusic
play some twenties movement tunes from the last Olga Souza|PlayMusic
play Dick Marx|PlayMusic
play The Song Remains The Same with Pandora|PlayMusic
Play the newest chant by John Doyle on Zvooq|PlayMusic
Play Anweshaa by the new first.|PlayMusic
Can you play some Andrew Cash music on Slacker|PlayMusic
Play top-50 eighties theme from Alain Caron|PlayMusic
Play me a song from 2008|PlayMusic
I want to hear music on Itunes|PlayMusic
Play fourties soundtrack from Hamish Maccunn|PlayMusic
Play fifties music on Deezer|PlayMusic
Play a Loretta Lynn tune on Groove Shark|PlayMusic
Play sugar baby by frank beard|PlayMusic
Play a song on zvooq|PlayMusic
Play Divine from Vinnie Roslin|PlayMusic
Play something by grandmaster flash & the furious five on youtube|PlayMusic
Play the greatest Nicholaus Arson concerto from around 2000|PlayMusic
play No More Sorrow|PlayMusic
play something from the twenties on Lastfm|PlayMusic
play the album Sauna on Zvooq|PlayMusic
Play something on my Classic Jazz Funk playlist on Zvooq|PlayMusic
Play track Cabbage by Keiji Haino|PlayMusic
Play some music by beverley martyn|PlayMusic
Play me a concerto by Jethro Burns from Zvooq|PlayMusic
Play Liubi, Liubi, I Love You by Farah Asyikin Binti Zulkifli on Netflix|PlayMusic
Use Last Fm to play artist Kawabata Makoto from their record|PlayMusic
Play me some folklore music|PlayMusic
play Paula Campbell music from 1993|PlayMusic
Play playlist Chilled R&B|PlayMusic
Play some fifties music by Chris Brown.|PlayMusic
Play music on Groove Shark.|PlayMusic
Play the Busco Un Pueblo album|PlayMusic
Play a record by Black Wall Street Records|PlayMusic
Play my Hot 50 playlist.|PlayMusic
Play me a Jill Scott sound track on deezer|PlayMusic
Can you play a top song from a chyi chin concerto|PlayMusic
Play a song from 2003|PlayMusic
Play some art punk.|PlayMusic
Can I hear tod ashley music from 1953?|PlayMusic
Play the song Waar Is De Zon on Slacker|PlayMusic
Play music which has humour on Youtube.|PlayMusic
Play me the most popular Arthur Johnston song|PlayMusic
Please play an album from 1987|PlayMusic
play Tonight Only! by Nastya Kamenskih|PlayMusic
Play songs by Naomi Schemer|PlayMusic
play Slacker tunes by Smog from movement in 2015|PlayMusic
Play me Sun Ra songs from the fifties|PlayMusic
Play the top fifty soundtrack from the twenties.|PlayMusic
Play music by Don Cherry.|PlayMusic
Play Night Electric Night on Iheart|PlayMusic
Play the album Killer Instinkt|PlayMusic
I want to hear the latest twenties album from Kyle Riabko|PlayMusic
Can you play that last ep from the twenties|PlayMusic
play David Banner on Netflix|PlayMusic
Play some Maynard James Keenan songs from Scenes From The Big Chair|PlayMusic
Sort eighties ep from the last|PlayMusic
Play a top five Jonny Buckland symphony from around 1989|PlayMusic
play Spotify|PlayMusic
Can you play some eighties music|PlayMusic
I want to hear music by Madeleine Peyroux from 1991 on Youtube.|PlayMusic
play good music by General Woo on Deezer|PlayMusic
Play my Hype playlist on Youtube.|PlayMusic
play some seventies Dj Colette|PlayMusic
play music from 1950|PlayMusic
Play music from 2012 on google music|PlayMusic
Play me the greatest Howard Levy song|PlayMusic
Play playlist riveting|PlayMusic
I want to hear a top five ballad from 2002|PlayMusic
i wanna listen to a the top-twenty track of Denniz Pop in Pandora|PlayMusic
play a movement from top-20 1983 by Baruch Chait|PlayMusic
Play my springtime playlist.|PlayMusic
I want to hear that tune from 2010|PlayMusic
Play Zvooq|PlayMusic
Play the album 21st Century Live by Chet Lam on Itunes.|PlayMusic
Can you play music from 2003 on Netflix|PlayMusic
Play a native us song on Last Fm|PlayMusic
play my De Camino playlist|PlayMusic
Play my Trapeo playlist.|PlayMusic
Play some new age music|PlayMusic
I want to hear any top five music from Gene Autry|PlayMusic
play music by Vybz Kartel|PlayMusic
Can I hear the latest music from Bahar Kizil?|PlayMusic
play the top-twenty tune by Masaharu Fukuyama on Slacker|PlayMusic
Play Humour|PlayMusic
Play movement music from 1954|PlayMusic
I want to hear the Fear The Boom And Bust song from haruka shimotsuki off of Spotify|PlayMusic
I'd like to hear songs from Iheart|PlayMusic
in Google Music play the top singles released in 1972|PlayMusic
Play the greatest 1966 album out there|PlayMusic
I want to hear symphony songs from Rebecca Cartwright on Last Fm|PlayMusic
Play 1958 music|PlayMusic
play classic rock on Slacker|PlayMusic
PLpay the top ten track from Asia Nitollano on spotify.|PlayMusic
Play the top-twenty from Alexander Braginsky.|PlayMusic
I'd like to listen to iheart radio's chill out playlist please.|PlayMusic
Play a melody by avery storm.|PlayMusic
Play the top 10 by Sankha Chatterjee.|PlayMusic
Play music by Nick La Rocca|PlayMusic
Play my funtime playlist on lastfm .|PlayMusic
Play the track That Would Be Something from Eden Ahbez|PlayMusic
listen to tei movement from most popular eighties music|PlayMusic
Play most popular from Nil Burak on Slacker|PlayMusic
Play the most popular 1956 record.|PlayMusic
Play a 1950 album on Iheart|PlayMusic
Will you play my Nuestros 80 playlist|PlayMusic
Play Dave Mason's soundtrack on Last Fm.|PlayMusic
play some Annie Herring beat street on itunes|PlayMusic
Open Netflix and play Kan Man Gifta Sig I Jeans?|PlayMusic
Play some music on Vimeo.|PlayMusic
Play the track Siberian Khatru on zvooq|PlayMusic
play some Folk tunes|PlayMusic
Play a 1978 track on Slacker|PlayMusic
Play some music by Mutlu|PlayMusic
Play Dj Scratch's eighties music on Iheart.|PlayMusic
Play The Cross And The Crucible by Angela Au Man Sze on Google Music|PlayMusic
Play some happy gabber.|PlayMusic
I want to hear some psychedelic rock|PlayMusic
Play the soundtrack that Tom Bellamy contributed to|PlayMusic
I want to hear Steven Harwell from the thirties|PlayMusic
play music from the twenties with Slacker|PlayMusic
Play 1958 by wayne petti|PlayMusic
Play something from 1985 by Billy Werner|PlayMusic
Play me a 1958 adam yauch concerto on Groove Shark|PlayMusic
Play prints in the stone by Helen Baylor|PlayMusic
play the last 1957 movement|PlayMusic
Play the most popular Grace Slick song that has a symphony sound|PlayMusic
I want to hear some acid punk music|PlayMusic
Play some music from Miss Platnum|PlayMusic
play Christina Milian latest music|PlayMusic
Play music from the seventies|PlayMusic
play a 2006 chant|PlayMusic
Play some Mike Burney on Google Music.|PlayMusic
Play a melody from Leigh Nash using Lastfm|PlayMusic
Play me an eighties song by Wes Dakus|PlayMusic
Play Post Garage Wave Revival playlist.|PlayMusic
Play Richard Fortus' Live Collection.|PlayMusic
play some dance on Groove Shark|PlayMusic
play the most popular album on Google Music by sasu ripatti|PlayMusic
I want to hear any tune from the twenties|PlayMusic
Play Jono El Grande from the thirties|PlayMusic
Play blues on Vimeo|PlayMusic
Play some fourties music on Zvooq|PlayMusic
play Wanted by Erykah Badu|PlayMusic
Play some Christian Rock|PlayMusic
Play some Retro music.|PlayMusic
Play some music from the twenties.|PlayMusic
Play Mea Culpa by Rahim Shah|PlayMusic
Play Acid Punk music.|PlayMusic
Play Funky Heavy Bluesy|PlayMusic
Play me a song from 1972 by Sweet Emma Barrett|PlayMusic
Play The Birds And The Bees by Ceca.|PlayMusic
play me music by Whip with Zvooq|PlayMusic
Play me a song by Teitur Lassen on Groove Shark|PlayMusic
Play the latest ep by Joel Hastings on Itunes.|PlayMusic
Play Rap Album One by Gene Vincent.|PlayMusic
Play the last ep from 1999|PlayMusic
I'd like to hear Don Airey's Gonna Raise Hell|PlayMusic
Can you play some music by andrew diamond|PlayMusic
I want to hear Nokko's songs from the twenties|PlayMusic
Play thirties concerto music on Google Music|PlayMusic
play Netflix tunes from 2003 on an album|PlayMusic
Play cheerful playlist|PlayMusic
play some Kansas Joe Mccoy|PlayMusic
Play some theme songs from the fourties|PlayMusic
Play some folk-rock music|PlayMusic
Play the latest 1973 album by Peter Derose.|PlayMusic
Play some Sabah from the eighties|PlayMusic
Play the greatest soundtrack by Jesse Harms.|PlayMusic
Use the service Zvooq to play merengue music|PlayMusic
Can you play some music on Youtube|PlayMusic
Play a sound track from 1952.|PlayMusic
Play a song of I Myself And Me on Youtube|PlayMusic
Can you play me the latest theme song by Warren Vache|PlayMusic
play Sivamani|PlayMusic
Can you play the greatest sarah brightman song|PlayMusic
Play Techno on Lastfm|PlayMusic
play new music by Elmore James with google music|PlayMusic
play the song Shine A Light|PlayMusic
Play music on Spotify.|PlayMusic
Play me a song by Avispa Music from 1965|PlayMusic
Play the top twenty chant by Wise.|PlayMusic
Please play Jim Martin on Vimeo.|PlayMusic
play ep by Arjen Anthony Lucassen|PlayMusic
Play my Ãxitos EspaÃ±a playlist|PlayMusic
play zvooq Southern Gothic|PlayMusic
I want to hear a Joel Hastings melody.|PlayMusic
play a Morton Downey record with Slacker|PlayMusic
play Frankie Laine|PlayMusic
Play my Frescura Indie playlist|PlayMusic
play the top five songs by Gad Elbaz|PlayMusic
Use Youtube to play music from Dorothy Ashby from the year 2002|PlayMusic
Play some alternative music on Vimeo|PlayMusic
play Chance Of A Lifetime on Zvooq|PlayMusic
Play some chant music from 2008.|PlayMusic
play Fill Yourself With Music by Ray Manzarek|PlayMusic
Play Contigo En La Distancia|PlayMusic
play some dream music|PlayMusic
I want to hear music on my Slacker app|PlayMusic
play an eighties song by Ler Lalonde|PlayMusic
Play the next ep by Video Game Pianist on netflix|PlayMusic
Play a music theme by Anna Nikolajewna Jessipowa|PlayMusic
I want to play music off Deezer|PlayMusic
Play some chanson music.|PlayMusic
Play my Trabajo Relax playlist|PlayMusic
Play the latest music by Martin Luther Mccoy|PlayMusic
I want to hear some twenties music from Billy Sheehan|PlayMusic
Play some songs from 1958|PlayMusic
Play some Don Ho on Netflix|PlayMusic
play a new soundtrack by Benjamin Darvill on Groove Shark|PlayMusic
Play some music on Slacker|PlayMusic
play the top twenty tracks of Ron Jarzombek|PlayMusic
Play the Late Night Jazz soundtrack on Zvooq.|PlayMusic
Play me a tune by john clayton|PlayMusic
I want to hear some music from Spotify|PlayMusic
Open Deezer and play InyecciÃ³n Musical|PlayMusic
can you play some weird music from the noise genre|PlayMusic
Play Russell Morris's The Singer And The Song on Netflix.|PlayMusic
Play Larry Graham sound track|PlayMusic
Play my Women of Rock playlist.|PlayMusic
play Roland Alphonso tunes that are most popular|PlayMusic
Play Ramakadha by Karl Davydov please|PlayMusic
Can you play a sound track from 1963?|PlayMusic
Play a tune by Mc Hawking|PlayMusic
Would you please play me a symphony from 1995|PlayMusic
play Google Music tunes|PlayMusic
Play a melody by Shada Hassoun|PlayMusic
play the Ocelot record using Zvooq|PlayMusic
Open Lastfm and start playing whatever|PlayMusic
Play a 1958 soundtrack by Rudolf Schenker on Netflix.|PlayMusic
Lets hear some Dawood Sarkhosh from their The Power Of Your Love album from Groove Shark|PlayMusic
Play a popular ballad by Amanda|PlayMusic
Play While We Were Waiting by Sippie Wallace on Vimeo|PlayMusic
Play andrew lloyd webber's good tune on zvooq.|PlayMusic
Please play something on Last Fm|PlayMusic
play 1960 chant music by Hermann Baumann|PlayMusic
play Bill Evans album The Best Of The 12" Mixes|PlayMusic
Play play Lodge by Alkabli on lastfm .|PlayMusic
play a sixties song by George Sanger|PlayMusic
Play Deezer|PlayMusic
Play a melody from the nineties on Google Music|PlayMusic
Play Still Life 1|PlayMusic
Play a song by Alasdair Roberts from 1996|PlayMusic
Play the album Axum|PlayMusic
I want to hear the Jody Williams sound track|PlayMusic
Play Ik Hou Van Jou by Elena Temnikova|PlayMusic
play some Stephen Jones on Youtube|PlayMusic
Play the most popular Johnny Clarke on Deezer.|PlayMusic
Play some tango.|PlayMusic
Play Eddie Meduza from the thirties|PlayMusic
play satire music|PlayMusic
I'd like to hear one of Eric Clapton's most popular melody on Pandora.|PlayMusic
Please play a song by Ahmad Jamal|PlayMusic
play Vivian Stanshall from 1962|PlayMusic
Play a nineties tune by Sugar Minott on Netflix|PlayMusic
Play music from 1977|PlayMusic
Play some music by Frayser Boy.|PlayMusic
Use Itunes to play a soundtrack from the year 1954|PlayMusic
play Deezer tunes Are & Be|PlayMusic
Please play a song off the Curtis Lee album Rough Diamonds|PlayMusic
play a chant by Mike Jones|PlayMusic
Play me a Patrick Cowley ballad|PlayMusic
Play Elastic Love by Junior Marvin|PlayMusic
Play some music from 2011 on lastfm|PlayMusic
Play These Four Walls by Yummy Bingham.|PlayMusic
Can you play something from 1966 by Mc Ren on Spotify|PlayMusic
play the album by Paul Barker playing the greatest from 1978|PlayMusic
Can I listen to Dj Vibe's top 10?|PlayMusic
play a concerto from sam sparro|PlayMusic
Lets hear some booty bass|PlayMusic
Play me a 1974 tune on Slacker|PlayMusic
Play a top five Linda Strawberry ep|PlayMusic
Play Henrie Mutuku album from 1957|PlayMusic
Play the newest ballad from Chad Urmston|PlayMusic
play some 2002 music|PlayMusic
I want to hear that track from 1991|PlayMusic
Play me a Chris Needham song on Vimeo|PlayMusic
Play some House music|PlayMusic
play Piano Ballads on Netflix|PlayMusic
Play me some Goa|PlayMusic
Play slow rock music on Vimeo|PlayMusic
Play Murder The Mountains by Mana on Netflix|PlayMusic
Play the top five melody from 2000|PlayMusic
play Courting The Squall on Slacker|PlayMusic
Play a ballad from 1997.|PlayMusic
Play symphony by Josh Gracin on Slacker.|PlayMusic
I want to hear a symphony from Kano|PlayMusic
Play a song off Ian Stuart Donaldson's Nature Nurture album on Itunes|PlayMusic
play Joshua Homme Belle And Sebastian Write About Love|PlayMusic
Play theme music from the twenties by Tata Young|PlayMusic
Can you play a song off an album by Shirley Horn|PlayMusic
play top-twenty song from 2015|PlayMusic
Play music from 1976 on Deezer|PlayMusic
Play the greatest from Win Stracke on Groove Shark.|PlayMusic
I want to hear something by Joe Dolce on Google Music|PlayMusic
Play me a popular song by Koichi Domoto|PlayMusic
Play Saturday Nights & Sunday Mornings|PlayMusic
Play the album Have Another Ball|PlayMusic
Play music from Clark Kent in the year 1987|PlayMusic
Play Seasons In The Sun by Rosco Gordon on iheart|PlayMusic
play some Origa on Google Music|PlayMusic
Play Brian Clifton off Groove Shark.|PlayMusic
play Neutrons  by Seun Kuti|PlayMusic
Play some music from 1985 by Rolf Harris|PlayMusic
Play the album Will Rap Over Hard Rock For Food|PlayMusic
Play Donna Summer|PlayMusic
Please use pandora to play a record from 1993|PlayMusic
Play a record from the year 1979|PlayMusic
play playlist The Realest Down South|PlayMusic
Play some steve boyett chant music|PlayMusic
play a track from 2004|PlayMusic
play Vimeo 2009 by Desmond Dekker|PlayMusic
Play music by Raheem Devaughn.|PlayMusic
Play some 1999 symphony from Minami Takahashi|PlayMusic
Use Groove Shark to play the Today And Tomorrow album|PlayMusic
Play some Mark Tremonti from the thirties.|PlayMusic
play the greatest 1972 album by Wes Dakus|PlayMusic
Play a 2013 song on Groove Shark|PlayMusic
Play some theme songs from 1974|PlayMusic
Play the top caleigh peters.|PlayMusic
Play new Teo Macero|PlayMusic
play a Karin Dreijer Andersson soundtrack on Groove Shark|PlayMusic
Play my Mellow Beats playlist please|PlayMusic
Play me the greatest track of 1966|PlayMusic
Play me a Frank Farian ep|PlayMusic
Play music from Art Porter Junior movie sound track using Vimeo|PlayMusic
Play a theme from Walerij Leontjew|PlayMusic
I want to listen to Merrily We Roll Along by Marko Desantis.|PlayMusic
play Asia Nitollano using itunes|PlayMusic
Play top Martin Solveig on deezer|PlayMusic
Play any song from Rebecca Hewitt|PlayMusic
Play the Mister Music Man by Gene De Paul.|PlayMusic
Let me hear the top album by the artist, Skin.|PlayMusic
Play Harel Skaat|PlayMusic
Play some John Oates on Youtube.|PlayMusic
Play me an ep from 2005.|PlayMusic
Please play me a top nineties theme song|PlayMusic
play the track Asleep In The Deep|PlayMusic
Can you play a melody from the fifties on Last Fm?|PlayMusic
play some Deezer oldies music|PlayMusic
Play my Masters of Metal playlist on Spotify|PlayMusic
play Are & Be|PlayMusic
Plays some akb48 on Youtube|PlayMusic
Play music from the track My Friend on Google Music by Steve Sholes|PlayMusic
Play teri meri by Josh White|PlayMusic
play some Nastya Kamenskih on Zvooq|PlayMusic
play a 1999 track by Pete Seeger on Youtube|PlayMusic
use Lastfm to play Attack Of The Planet Smashers|PlayMusic
Play Shinehead's music from the twenties on Slacker.|PlayMusic
Play the last sound track by Soko from around 1975|PlayMusic
Play 1958 music on Iheart|PlayMusic
play Isham Jones|PlayMusic
Can you play me some britpop music|PlayMusic
Play a song from 1973.|PlayMusic
turn on Last Fm to listen to Chara ballad from 1988|PlayMusic
Please play music off the soundtrack by Beau Jocque|PlayMusic
Play a new song from 1976.|PlayMusic
Play the greatest melody from Paul Wright on Pandora|PlayMusic
Play Eternally by Marko Desantis on zvooq.|PlayMusic
Play The Galway Races on Netflix.|PlayMusic
play Pandora tunes from the fourties|PlayMusic
Play top-50 Peter Frampton songs|PlayMusic
Play music off Itunes.|PlayMusic
Play me a song from 2016|PlayMusic
Start playing something off Spotify|PlayMusic
play Tom Baxter tracks|PlayMusic
Play music on the playlist Urban Hits|PlayMusic
Play The Monkeys Have No Tails In Zamboanga on Google Music.|PlayMusic
I want to hear music from 1975|PlayMusic
Play Kim Wilde by Mike Scott on Slacker|PlayMusic
Play anything  from Hiromitsu Agatsuma off iHeart.|PlayMusic
play a top-fifty 1965 album by Ski|PlayMusic
Play  music from the thirties.|PlayMusic
Play me the new King Curtis music on Google Music.|PlayMusic
Ply best 1973 sound track|PlayMusic
Play music by Daddy Yankee|PlayMusic
I would like to hear music from 1993|PlayMusic
Play me track September, Gouden Roos by artist daedelus|PlayMusic
Play a concerto from the nineties|PlayMusic
I want to hear Major Harris's songs from the fifties|PlayMusic
Play me a nineties ep|PlayMusic
Please anything good by Chieko Ochi|PlayMusic
Play Kk on Zvooq.|PlayMusic
Play Apbl98 by Alden Penner.|PlayMusic
Use Vimeo to play a Mark King record from 1993|PlayMusic
use Deezer to play music by Junior Brown|PlayMusic
Play some Erin Harkes from the fifties on Lastfm.|PlayMusic
Play Verjamem track by Hong Junyang.|PlayMusic
Play music by Otis Redding.|PlayMusic
Please play some music for me on Netflix|PlayMusic
Play Tad Kinchla soundtrack|PlayMusic
Play Kisaki on Pandora|PlayMusic
Can you play a song from the fourties by George Martin|PlayMusic
Play me a song by Saki Nakajima|PlayMusic
Play some 1970 Antero Manninen on zvooq.|PlayMusic
Play a top track by Janamanchi Seshadri Sarma|PlayMusic
Use Itunes to play artist Ringo Shiina track In Heaven|PlayMusic
Play music by Sha Money Xl sort by good.|PlayMusic
I want to listen to the album going back to the blue ridge mountains on iheart|PlayMusic
Play Someday Soon by fiona|PlayMusic
Play the most popular sound track from the 2006|PlayMusic
Play tuomas holopainen's The 21 Project.|PlayMusic
Play Tenerife Sea by Daniel Salomon on Lastfm|PlayMusic
Play a top twenty sort by Akinyele.|PlayMusic
Play nineties|PlayMusic
Play a track by Ishmon Bracey on Iheart.|PlayMusic
Can you play the latest faust soundtrack from 1967?|PlayMusic
Play me the greatest chant by Laurel Aitken on lastfm|PlayMusic
Play the most popular Coti songs on Pandora|PlayMusic
Play some noise music on Netflix.|PlayMusic
Play Rob Mills album The Golden Archipelago.|PlayMusic
play melody music from the thirties|PlayMusic
Play some tune from 2011 on Youtube|PlayMusic
play melody and sort the newest in Dj Format|PlayMusic
Play a record from 2010.|PlayMusic
Play a melody by Adassa from the twenties|PlayMusic
play 1988 chant music on Itunes|PlayMusic
play Glenn Yarbrough tunes|PlayMusic
Play Llegando a Casa playlist|PlayMusic
Play me a tune by Mick Brown|PlayMusic
play The Insoc Ep|PlayMusic
Play some music from the sixties|PlayMusic
I need to hear the new Kevin Fowler album|PlayMusic
Play me the newest fourties symphony|PlayMusic
play Latin Dinner|PlayMusic
Play Stefon Harris's song.|PlayMusic
Play a song from 2013.|PlayMusic
play 1951 tunes|PlayMusic
Play Step Up Your Game by Marc Cohn.|PlayMusic
Play any nineties music|PlayMusic
Play the greatest ballad from the seventies|PlayMusic
Play a track by Yui on Vimeo|PlayMusic
Play the top five songs from Robert Lockwood Junior.|PlayMusic
Play some latin music.|PlayMusic
Plkay some sixties movement songs from Itunes|PlayMusic
Play me Hier Encore by greydon square|PlayMusic
play In Your Eyes by gareth gates on Netflix|PlayMusic
Play some music on Itunes|PlayMusic
Play Dj Shadow's A Love Hate Masquerade.|PlayMusic
play Seven Steps To Heaven by Wikluh Sky|PlayMusic
Play some music from Victor Kunonga.|PlayMusic
play fourties chant music on Last Fm|PlayMusic
Play some 1959 songs on Iheart|PlayMusic
Play March Of The Soviet Tankmen from Gloria Gaither|PlayMusic
Play music from the album Evolution Of A Man by Joey Ramone|PlayMusic
Can you play fifties theme music by Mohsen Chavoshi|PlayMusic
play the album Pressure Cracks with Netflix|PlayMusic
Play the best Sebastian Karlsson melody on Youtube|PlayMusic
Play some Oleg Anofriyev from 1960.|PlayMusic
Play some Joeri Basjmet.|PlayMusic
Play Elliot Easton's album Beautiful|PlayMusic
use Vimeo to play De Camino a Clase playlist|PlayMusic
Please play playlist TODO REGGAETON|PlayMusic
Play me some Badass Women on Groove Shark|PlayMusic
Play some Antony Harding songs from the eighties|PlayMusic
I want to hear a nineties track by stat quo on Deezer|PlayMusic
Play music from the seventies|PlayMusic
play The New Timer by Augustus Pablo with Itunes|PlayMusic
Play How Does It Work by Helen Carter.|PlayMusic
Play music from 1968 on Vimeo.|PlayMusic
I want to hear something from Post-punk Revival|PlayMusic
Play music from the artist Joe Sample|PlayMusic
Play Dave Joyal|PlayMusic
Open groove shark and play Jason Mizell|PlayMusic
I want to hear something from the top-fifty by Jose Pasillas|PlayMusic
Use service Vimeo the genre slow rock|PlayMusic
Open Zvooq and play the best songs from Device|PlayMusic
play something from 1971 by John Bonham|PlayMusic
play primus|PlayMusic
Play symphony music from 1991 by Irvin Mayfield|PlayMusic
play Going Down To The River on Pandora|PlayMusic
play 1977 good track tunes|PlayMusic
Play the album Jack Takes The Floor by Tom Lehrer on netflix|PlayMusic
Use Netflix to play music|PlayMusic
play Sunshine Reggae on youtube|PlayMusic
play Realization by Randy Jackson|PlayMusic
Please play some Bill Evans music.|PlayMusic
play Safe Rock And Roll Sucks on Lastfm|PlayMusic
Can you play the greatest songs by Mauro Picotto|PlayMusic
Play music by Deenanath Mangeshkar|PlayMusic
Play the best sort by Jan Robbe on pandora|PlayMusic
Play track Real Talk|PlayMusic
Use Netflix to play In The Arms Of A Woman playlist|PlayMusic
Play some 1993 concerto off of Slacker|PlayMusic
Open Spotify and play a song from the twenties by Richard Harvey|PlayMusic
listen to Vertexguy track|PlayMusic
Play the most popular stuff by Tina Dico|PlayMusic
Play any song from 2006|PlayMusic
Play some Sonu Niigaam from the fifties|PlayMusic
Play a 1983 ballad on Groove Shark.|PlayMusic
Play the artist Tei last concert on Netflix|PlayMusic
play 1981 tunes by Jiles Perry Richardson on Lastfm for theme music|PlayMusic
Can you play some music from my road trip album|PlayMusic
Play me a song from the fourties movement|PlayMusic
play pandora|PlayMusic
Play Oj, Jelena, Jelena, Jabuka Zelena by Ler Lalonde.|PlayMusic
Play a new ballad by Valy on Iheart|PlayMusic
Play Grabsteinland I by Doctor Fink on slacker radio|PlayMusic
I want to hear Rock Bottom by Playa Fly on Slacker|PlayMusic
Play an Alla Pougatcheva ballad on Pandora|PlayMusic
Play Pledge by Markus Grosskopf|PlayMusic
Play music from 1999|PlayMusic
Play classic rock on Groove Shark|PlayMusic
I wish to listen to good symphony music by mi lu bing.|PlayMusic
I wish to listen to some fifties music.|PlayMusic
Play some James Cleveland.|PlayMusic
Can you play some Synthpop music on Youtube|PlayMusic
play the album Wayning Moments by Rabbit Brown|PlayMusic
Can you play a Sammy Fain ep|PlayMusic
Use Groove Shark to play music from the eighties|PlayMusic
Play a 2001 sound track on Deezer.|PlayMusic
Play the top movement music from 1997.|PlayMusic
Play a popular melody by Lindsay Lohan on Youtube.|PlayMusic
play chant music by David Cook|PlayMusic
Play music off Youtube.|PlayMusic
play some Mike Porcaro|PlayMusic
I want to hear something off Fist For Fight by Rushton Moreve on Youtube|PlayMusic
Play the playlist Tropical Morning on Pandora|PlayMusic
Play music from Hide|PlayMusic
Play top-five concerto music from 1992|PlayMusic
I want to hear something eclectic|PlayMusic
Play me a Felix Kubin from No Light on Spotify|PlayMusic
Play me a track by Steve Souza|PlayMusic
play Itunes album mondovisione|PlayMusic
play Punk Essentials on Zvooq|PlayMusic
Play me a song by Hank Thompson from Moa Anbessa|PlayMusic
Use Spotify to play music|PlayMusic
Play Me Against The World from Glukoza|PlayMusic
Play some music from 1962 from Adeyto|PlayMusic
I want to hear Jimmy James from the thirties, play a song on Groove Shark.|PlayMusic
Play any song from the eighties|PlayMusic
Play some movement music by Perez Prado on Iheart|PlayMusic
play Ebony Bones on Itunes|PlayMusic
play Innovations by Kokia|PlayMusic
I Need rave Slacker to play|PlayMusic
play Fernando Olvera|PlayMusic
Can you play something off Johan Larsson's Travelers And Thieves|PlayMusic
list to the most popular Muireann Nic Amhlaoibh song|PlayMusic
Open my music playlist on Youtube|PlayMusic
Play the top chant music from 2014.|PlayMusic
Play music from Lastfm.|PlayMusic
Play me a 1990 sound track|PlayMusic
Play the song Long Live Love|PlayMusic
Play me a ballad by Dres on groove shark|PlayMusic
Play the top of emil de cou|PlayMusic
play Barry Manilow from the twenties|PlayMusic
Play a seventies Tom Thacker ballad|PlayMusic
listen to ballad songs from the twenties|PlayMusic
Play the music of melody of 1997 in Itunes|PlayMusic
Can you play a chant by Butch Trucks on Spotify|PlayMusic
I want to hear music off my Indie Festival playlist|PlayMusic
Play instrumental pop|PlayMusic
Play some Hong Junyang.|PlayMusic
Play mere lapsed by Marilyn Moore.|PlayMusic
Please play the most popular ep from 1998 by Mc Frontalot|PlayMusic
play some Spotify by Danni Bassan|PlayMusic
play the best album from the seventies|PlayMusic
Play music from 2016.|PlayMusic
I want to hear jon sholle's stuff from 2009 on Groove Shark|PlayMusic
play music by Rodney Whitaker|PlayMusic
Please play a movement by Rupam Islam|PlayMusic
play the latest Thelma Aoyama|PlayMusic
Play some music by Karl Blau.|PlayMusic
Open pandora and play the top five melody by Hanna Sjedokowa|PlayMusic
play Phil Spalding soundtrack from the seventies|PlayMusic
Play Dancing Through Life by Ronald Isley on spotify|PlayMusic
Play a top symphony sort form 1959 by Stuart Garrard.|PlayMusic
I want to listen to seventies music.|PlayMusic
Play something by Holly Cole on lastfm|PlayMusic
Play rhythmic|PlayMusic
Play Punk Essentials on google music|PlayMusic
Play the top-20 best Chicane songs on Deezer|PlayMusic
Play Songs Of Heaven by ami koshimizu|PlayMusic
Play Dj Subroc on Itunes|PlayMusic
Play a song by Tim Finn on Last Fm|PlayMusic
Play music from the sixties|PlayMusic
Play Oliver on pandora.|PlayMusic
Play some 2011 chant music, new first, by Shaggy.|PlayMusic
play the top song from Damon Albarn using Slacker|PlayMusic
Play sixties music by giovanni battista guadagnini.|PlayMusic
Play some music from the last album of 1988 on Lastfm|PlayMusic
Please start playing some thirties theme music.|PlayMusic
Can I hear Anna Vissi's new music on Pandora?|PlayMusic
Play music by artist mark ashley|PlayMusic
Play the top Maynard James Keenan.|PlayMusic
I want to hear a top-20 chant from the twenties|PlayMusic
Play the most popular song by espen lind|PlayMusic
Play Yuauea by Rick Ross|PlayMusic
Play The Tyranny Of Distance by Willy Mason.|PlayMusic
Play a top song by Carson Parks on Groove Shark|PlayMusic
Use Deezer to play the last song from Lee Dorrian|PlayMusic
Play some seventies music on netflix.|PlayMusic
Play fourties record|PlayMusic
Play Chad I Ginsburg|PlayMusic
Can you pull up a track on Zvooq by Graham Mcpherson|PlayMusic
Play 1993 theme music|PlayMusic
Play something off Google Music|PlayMusic
Open youtube|PlayMusic
Play some music on spotify|PlayMusic
Play the song Drifting On A Reed by Bobby G|PlayMusic
Play new movement from Mike Oldfield on Vimeo|PlayMusic
Play Foundling by Jean Grae on Vimeo.|PlayMusic
Play some acapella music on Iheart|PlayMusic
Play some sixties music by gaudi on last fm|PlayMusic
Play a tune or two from Kansas City, Missouri|PlayMusic
play some songs from the fourties by yoshiki fukuyama|PlayMusic
play Angela Winbush ep that is popular|PlayMusic
play To Be Still|PlayMusic
I want to hear Gloryhole from Mani off of Lastfm|PlayMusic
play music by Charlie Adams from 1954|PlayMusic
play the It Could Only Happen With You album by Lawrence|PlayMusic
Play Moondog's Chupacabra.|PlayMusic
I'd like to hear some trip-hop|PlayMusic
Play a 2001 tune|PlayMusic
Can you pull up and play something on Itunes|PlayMusic
I want to hear some theme music by Edsel Dope|PlayMusic
Play some music from 1993 on Itunes.|PlayMusic
I want to hear the new Vasilis Tsitsanis ep|PlayMusic
play a sound track by Vegard Sverre Tveitan|PlayMusic
Play Crucifixion on Deezer.|PlayMusic
I want to hear the album Suites & Sweets|PlayMusic
Play Adrian Borland's music on Zvooq.|PlayMusic
Open The Second Adventure album by Hans Nilsson|PlayMusic
Play something off Rage Radio|PlayMusic
I want to hear This Is The Night from Proof|PlayMusic
Play Classical X|PlayMusic
Play me a song by Michael Diamond|PlayMusic
play Kurt Cobain ballad tunes|PlayMusic
Play some Eddie Vinson on Deezer|PlayMusic
Play the greatest record by Leroi Moore|PlayMusic
Play Dawn Richard song White Summer|PlayMusic
Play some Ray Williams music from the nineties on spotify|PlayMusic
play chant on groove shark from 1996|PlayMusic
Play the top fifty record from Alan Jardine|PlayMusic
play newest Robert Palmer sound track|PlayMusic
Play music on my Itunes|PlayMusic
Play something by Daisy Voisin on google music|PlayMusic
Play some Dj Qbert.|PlayMusic
Play Supernaut by Armand Van Helden|PlayMusic
Can I hear a Da Brat ep?|PlayMusic
play symphony music from the fourties with google music|PlayMusic
Play got to be free by Madeleine Peyroux|PlayMusic
Play music in the genre soundtrack|PlayMusic
play some fifties tunes by Mike Mccready|PlayMusic
Play music from Carina Round|PlayMusic
I want to hear the new movement from Richard Harvey|PlayMusic
Play a song off The Best Of Siouxsie & The Banshees by Faustino Oramas|PlayMusic
Play the album, Dance Hall At Louse Point.|PlayMusic
play Lighter by Pamela Jintana Racine|PlayMusic
Play the top-ten soundtrack from Kiara.|PlayMusic
play the last chant from the fourties|PlayMusic
Play Gary Chapman music from the fifties|PlayMusic
Play some Armik from the fourties|PlayMusic
play a popular sort of fifties tune music|PlayMusic
I'd like to hear Helen Baylor|PlayMusic
Play music from 1989 by Maya.|PlayMusic
Play Kool Keith Presents Thee Undatakerz by John Mccrea.|PlayMusic
play Piano 100|PlayMusic
Play some music on Lastfm|PlayMusic
Play a concerto top ten sort by Lloyd.|PlayMusic
Play Arif music from the fourties.|PlayMusic
Play music off Netflix.|PlayMusic
Open Pandora and play music from the fifties.|PlayMusic
have Zvooq play songs from the fifties|PlayMusic
Play some chant music by Kevin Jonas on deezer.|PlayMusic
Play paul ortiz music from 1990|PlayMusic
Play some Glenn Stetson music on Spotify|PlayMusic
Open Groove Shark and play sound track from Dj Cameo|PlayMusic
Play music on Iheart|PlayMusic
Play my Top Gaming Tracks.|PlayMusic
something on Spotify please|PlayMusic
Play BurhÃ¸ns by Ernie C.|PlayMusic
Let me hear an ep from the thirties era of music.|PlayMusic
Proceed with music from 2003.|PlayMusic
Play Elkie Brooks seventies sound track|PlayMusic
Open Vimeo and play music.|PlayMusic
play a top twenty symphony of 2010|PlayMusic
Play music from the artist Taktloss from the record in the thirties|PlayMusic
I want to listen to some Aaliyah|PlayMusic
Play my New Indie Mix on Google Music.|PlayMusic
Can you use Pandora to play a soundtrack from 1999 by David Sitek?|PlayMusic
play Deezer form 2010 tune by Dave Grohl|PlayMusic
Play some caribou from the sixties|PlayMusic
Play drum & bass music|PlayMusic
Use netflix to play a record by Emil Gilels from year 2015|PlayMusic
play Steven Reineke greatest soundtrack on Youtube|PlayMusic
turn on Google Music to play 1991|PlayMusic
Open iheart and play TÃ© Para Tres|PlayMusic
play some fourties Andrew Lloyd Webber on Groove Shark|PlayMusic
play music by Ryan Malcolm from Sympathy For The Devil on Pandora|PlayMusic
Play some Instrumental music on the service Lastfm|PlayMusic
Play the song vodka by Kunal Ganjawala on Itunes|PlayMusic
Play all music Alan released in 1997|PlayMusic
Play Dansevise by Ebi on Groove Shark.|PlayMusic
I want to hear some The Roches|PlayMusic
Play me something Miles Davis did with a symphony|PlayMusic
Play music off Youtube.|PlayMusic
play some sixties music|PlayMusic
play Soheila Zaland|PlayMusic
Play music year 2016 by artist Michiru Yamane|PlayMusic
play Lastfm tunes from 1997|PlayMusic
listen to Westbam alumb Allergic on Google Music|PlayMusic
Play ecstatic|PlayMusic
Play some music on groove shark.|PlayMusic
I need some ambient music.|PlayMusic
Play a song by Nash The Slash|PlayMusic
Play me a symphony by Ricky Bell|PlayMusic
Play the energic Itunes|PlayMusic
play the best Elizaveta Khripounova|PlayMusic
Play 2006 chant music.|PlayMusic
I'd like to hear Ami Suzuki's latest record|PlayMusic
Play Crazy=genius by The Alchemist|PlayMusic
Can I listen to merengue style music?|PlayMusic
turn on Last Fm|PlayMusic
play the last Chris Douglas on Slacker|PlayMusic
play eighties track|PlayMusic
Wish to hear music from the year 1996|PlayMusic
Play Soldier Boy from Melody Gardot|PlayMusic
Play new melody by Kenji Ito on Itunes.|PlayMusic
Please play Bitch Please Ii|PlayMusic
Could you play the album B Men GahÅ by Nathaniel Shilkret|PlayMusic
Does Netflix have music released in 1991 by You Yokoyama|PlayMusic
play robin hood and the bishop of hereford by Jon Mayer|PlayMusic
Play Slow Rock on Lastfm.|PlayMusic
Play some nineties music on Zvooq|PlayMusic
Play Stereo by Jonathan Davis on Deezer.|PlayMusic
Play Pacific Ocean Blues by John Doe on Lastfm|PlayMusic
Play some Paul Stookey from the sixties|PlayMusic
Play the song American Patrol by lauryn hill|PlayMusic
I want to hear some sixties  melody from Mark Mcentee off of Google Music|PlayMusic
Play Junun by Noam Kaniel.|PlayMusic
Please play anything by george formby jr|PlayMusic
play In The Arms Of God on Zvooq by Nimal Mendis|PlayMusic
Play some Jungle music on iheart|PlayMusic
I want to hear a track from the fourties.|PlayMusic
Play me a 2015 soundtrack on Netflix|PlayMusic
give me some Hank Shermann from 1975 on Lastfm|PlayMusic
Can you play an ep by Tatjana Iwanowna Bulanowa|PlayMusic
Play the top ten theme music from 1975 by Tom Baxter|PlayMusic
Let me use netflix to listen to the last soundtrack from Out Of Eden.|PlayMusic
Play El Cant Dels Ocells by vini lopez.|PlayMusic
Play me a Cinder Block movement|PlayMusic
Play a melody by Colin Blunstone|PlayMusic
Play a song from 1990 on Netflix|PlayMusic
Want to play Christina Schollin Lastfm|PlayMusic
Play top-twenty fourties movement music by Mohammad Reza Lotfi.|PlayMusic
play the top nineties melody by Gus G|PlayMusic
Play my Pandora app|PlayMusic
Play the album Remember Shakti â The Believer.|PlayMusic
Play Halid 08 by video game pianist on Pandora|PlayMusic
Play breed the killers on Itunes|PlayMusic
Play some seventies track from top Rie Tomosaka|PlayMusic
Play Geddy Lee music on Spotify sort by top|PlayMusic
Use the service Lastfm to play artist keren peles from the most popular symphony|PlayMusic
Play any track by Flame|PlayMusic
Play a sixties track by Noam Pikelny on iheart.|PlayMusic
Please play a song for me from 1959|PlayMusic
Play me something from the thirties by Candi Staton on Vimeo|PlayMusic
Can I hear a movement by rookantha gunathilake on the Vimeo service?|PlayMusic
play music on netflix|PlayMusic
Play me a fifties song|PlayMusic
Play my Acoustic Covers playlist on Spotify.|PlayMusic
Play Lenny Kaye music.|PlayMusic
play Ngola Ritmos top-ten songs|PlayMusic
Play the Charlie Hunter theme off of Last Fm|PlayMusic
Use Google Music to play some songs by Dr John|PlayMusic
play a tune by Margaret Kelly on Iheart|PlayMusic
Play the album Cara De Dios.|PlayMusic
Play track music from Peter Finestone on Netflix sort by newest|PlayMusic
Play Adieu by Al Arsenault|PlayMusic
Play ExpresiÃ³n from Mickey Finn|PlayMusic
play music by Bonobo|PlayMusic
Play the most popular chant song by Hossein Alizadeh from around 2009|PlayMusic
Play music from Youtube.|PlayMusic
Play Miami 2017 by Rodney Whitaker|PlayMusic
Play good Pure Soul on netflix|PlayMusic
Can you play Halloween by Ajinoam Nini|PlayMusic
Play playlist funtime|PlayMusic
play Angelo Amorevoli|PlayMusic
play a ballad by Giorgio Moroder|PlayMusic
Please use Itunes to play something from 1986|PlayMusic
play Calico Skies by John Feinstein with Netflix|PlayMusic
Play artist Vlada Divljan from something he did that is good|PlayMusic
Play the track Pocahontas John Farnham|PlayMusic
play some popular bryan gregory songs|PlayMusic
play a seventies ballad by Annunzio Paolo Mantovani on Groove Shark|PlayMusic
play good Classified songs on Vimeo|PlayMusic
Play my Femme Fatale playlist on Vimeo|PlayMusic
I wish to listen to eighties music by Mike Dean.|PlayMusic
Play some Techno|PlayMusic
I wish to hear the playlist Estado de Ã¡nimo on Last Fm.|PlayMusic
play Fereydoun Farrokhzad best track|PlayMusic
Can I listen to music from the Easy Listening genre?|PlayMusic
Play a 1991 song by Anila Mirza|PlayMusic
play the top-20 Rita Macneil songs|PlayMusic
Play a 1974 sound track on Vimeo.|PlayMusic
Play me music from the twenties on Itunes.|PlayMusic
Play a sound track by Mac Dre.|PlayMusic
play a 1977 record by Bitty Mclean on Google Music|PlayMusic
Play The Wizard And I on Zvooq|PlayMusic
Play some 2011 music by Dan Healy.|PlayMusic
Play the best music from Klaus Badelt.|PlayMusic
Can I hear Jeremy Taggart's newest chant on Deezer?|PlayMusic
Listen to music from 1975|PlayMusic
play Latina|PlayMusic
play a top Ryuichi Kawamura chant on Groove Shark|PlayMusic
play a tune from 2000 by Bronislau Kaper|PlayMusic
Play a song from 1994.|PlayMusic
I'd like to hear the last song fro Willa Ford.|PlayMusic
Play my playlist springtime|PlayMusic
Open Lastfm and play Hot Lips Page from the sixties|PlayMusic
Use the service Itunes to play melody from 1998|PlayMusic
Play music from the punk genre on Last Fm.|PlayMusic
play Techno music|PlayMusic
play shara worden|PlayMusic
Play a top-50 tune from 1982.|PlayMusic
I want to hear some Boris Grebenchtchikov on Zvooq|PlayMusic
play chant music from 1993|PlayMusic
play melody music from 1988|PlayMusic
play the music track of 1998|PlayMusic
Play some music by Jody Williams from 2001|PlayMusic
I want to hear a Silvia Night ep from the sixties|PlayMusic
play a Samira Said ballad from the nineties|PlayMusic
Play Shoo on iheart from greatest record|PlayMusic
Play some music on Netflix|PlayMusic
Play Metal Crash Course playlist.|PlayMusic
play Khujo eighties track song|PlayMusic
Play Goldie Hill's record on Google Music.|PlayMusic
Play music from Lastfm|PlayMusic
I'm looking for the last track by Fei Yu Ching from the fourties|PlayMusic
Open pandora and play udhreko choli from Chowdiah|PlayMusic
Play a top symphony from the fourties|PlayMusic
play a Keith Richards album|PlayMusic
Play the track Fight On, State by Yuvan Shankar Raja|PlayMusic
play the newest ep from the sixties|PlayMusic
Play a song from 1950|PlayMusic
Play Moris Tepper|PlayMusic
play a new song from the seventies|PlayMusic
play music using Groove Shark|PlayMusic
Play Entre Raices Y Antenas by Lynn & Wade Llp.|PlayMusic
Play some acapella music|PlayMusic
Play a Paolo Gregoletto song|PlayMusic
play Zvooq Night Rider list|PlayMusic
play The Edge by Deezer on Vans Warped Tour Compilation 2003|PlayMusic
Play Always Pop Punk.|PlayMusic
Play some ivy anderson from around 1967|PlayMusic
play the newest sound track from the thirties|PlayMusic
Play some seventies music on Netflix.|PlayMusic
Play Who Knows Where The Time Goes? by Grigory Leps|PlayMusic
Open Vimeo and play Lee Mellor good songs|PlayMusic
play some sad songs from the fifties|PlayMusic
Play music on groove shark|PlayMusic
play 1990 tunes on Groove Shark|PlayMusic
Play me a popular Ronnie Wood soundtrack|PlayMusic
Play Elitsa Todorova music|PlayMusic
Play something off my New Boots playlist|PlayMusic
Can you play Deezer from 2007?|PlayMusic
Please play some Black Metal music|PlayMusic
play twenties tunes|PlayMusic
Play some music on Last Fm|PlayMusic
Play twenties chant from Lagaylia Frazier on Itunes|PlayMusic
Play music from 1959 by Lenny Leblanc on Pandora.|PlayMusic
Play some fourties music on vimeo|PlayMusic
Play chant music by pappu venugopala rao on Slacker.|PlayMusic
I want to hear Aki Nawaz, play the song fair annie.|PlayMusic
Play music from 1958|PlayMusic
Use Spotify to play Who Was In My Room Last Night?|PlayMusic
Play the most popular music from Nat Stuckey on Itunes.|PlayMusic
Play some chanson style music.|PlayMusic
Play Socialism Is Good by terje bakken on Spotify.|PlayMusic
Play music from 1964.|PlayMusic
play a record from 1982|PlayMusic
Play a track by Titiyo|PlayMusic
play Lastfm by Steampunk|PlayMusic
Play a record from 2005 by Ruslana Lyschytschko.|PlayMusic
Play Is This My World? by Leo Arnaud|PlayMusic
Play While The Gate Is Open.|PlayMusic
Can you play a song from the newest movement by prince on Lastfm|PlayMusic
Play some Rui Da Silva.|PlayMusic
Play The Cherry-tree Carol by Edwin Mccain|PlayMusic
Play Tomtegubben Som Hade Snuva|PlayMusic
Play my Sophisticated Dinner playlist on Slacker|PlayMusic
Play the song domino by Luca Turilli|PlayMusic
Play a rock track from 1984|PlayMusic
play the newest Martin Solveig sound track|PlayMusic
Listen to Power Gaming playlist|PlayMusic
Play some chant from 1974|PlayMusic
play Mohammed Abdu from top 20|PlayMusic
Play the top ten by Andrea Del Rosario.|PlayMusic
Play a 2007 track from Adam Jones|PlayMusic
use Netflix to play Michael White tune from 1955|PlayMusic
listen to ballad songs from 1999|PlayMusic
I want ohear the 1996 soundtrack from deezer|PlayMusic
Play a soundtrack by musical artist Jimmy James|PlayMusic
Play music on youtube|PlayMusic
play the last Rocko music with deezer|PlayMusic
Play rie fu music sorted by the best.|PlayMusic
Play Noche de chicas playlist|PlayMusic
Can you play some fifties music by lavern baker|PlayMusic
Please play something that's freak folk on Google Music|PlayMusic
play anything from 1970|PlayMusic
I wish to enjoy some fifties music by Johnny Paycheck.|PlayMusic
play steve harris False Gestures For A Devious Public album|PlayMusic
Play me a seventies song|PlayMusic
I want to hear a good album from Toni Cottura.|PlayMusic
use Iheart to listen to retro|PlayMusic
Open Youtube and play Iron Mountain Depot from John Lomax|PlayMusic
I want to listen to a popular melody by David Bazan|PlayMusic
Play a Ladyhawke record|PlayMusic
Play the newest melody from Corey Clark on Lastfm|PlayMusic
Play music from Gavin Koppell movement|PlayMusic
Play best fourties from david izquierdo on album|PlayMusic
I need some Hardcore Hip Hop|PlayMusic
Play Fais Les Backs by Sarah Geronimo on Youtube|PlayMusic
Play a fifties theme on lastfm|PlayMusic
play Women of Jazz|PlayMusic
play Dj Ozma top songs|PlayMusic
PLay a track by deeyah khan.|PlayMusic
Play some seventies songs from Joseph Genaro on Google Music|PlayMusic
Play a ballad by Heath|PlayMusic
Play 1952 Yusef Lateef on Netflix|PlayMusic
Play eighties music on Groove Shark.|PlayMusic
Play Paul Landers, O Rio, A Cidade, A Ãrvore on slacker|PlayMusic
Let me hear the Rave Tapes album from Yuki Koyanagi.|PlayMusic
Play the top-five ballad sort from 2004|PlayMusic
Play sixties theme music|PlayMusic
Play the song Two Suns In The Sunset by Airi Suzuki|PlayMusic
Play music from 2015|PlayMusic
Play the greatest music by Phoebe Snow|PlayMusic
Play me a song by Carol Arnauld from 2003|PlayMusic
Play me a song from Movies For The Blind on Pandora|PlayMusic
Play 2012 symphony music by Nardwuar The Human Serviette on Netflix.|PlayMusic
Please play me a popular track from 1984.|PlayMusic
Play track Ai Se Eu Te Pego on google music from artist Maestro|PlayMusic
Play Lil Hardin Armstrong from Itunes.|PlayMusic
Turn on Spotify to Tiny Tim ep|PlayMusic
Play a 1969 ballad by beth nielsen chapman, new first.|PlayMusic
play a ballad by Chick Corea|PlayMusic
Play music off the track Child Maurice|PlayMusic
Play me a song from Voices & Images|PlayMusic
play robert fripp sound track on Pandora|PlayMusic
play them by Guy-manuel De Homem-christo|PlayMusic
Play some rock & roll by Deezer.|PlayMusic
I'd like to hear a track by Theo Keating.|PlayMusic
Play some theme based music from the thirties.|PlayMusic
I wish to listen to some instrumental music.|PlayMusic
Play chant from Freddy Fender on iheart|PlayMusic
Can you play some music from 1999|PlayMusic
Play music from the list Indie Electronics|PlayMusic
play some King Tubby from the eighties|PlayMusic
Play music on Netflix.|PlayMusic
Play Randy Castillo's music from 1952.|PlayMusic
play ambient music|PlayMusic
Play the last song by Goldie|PlayMusic
Play Pride Of The Prairie from Johnny Burke|PlayMusic
Play them the greatest music by Chris Frantz.|PlayMusic
Play the song Le Renouveau|PlayMusic
I want to listen to Swing music on Iheart|PlayMusic
play the latest Thelma Aoyama|PlayMusic
I'd like to listen to Tom Cochrane's 1990 ep on Zvooq.|PlayMusic
Play a Herbie Fields record from the sixties|PlayMusic
Play the most popular sort by ep by Brooke Fraser|PlayMusic
Play me a 1986 Jim Root|PlayMusic
Play my Still Got the Blues playlist.|PlayMusic
I would like to hear a song by Tim Reynolds|PlayMusic
play Fey's album Diamond Head on Zvooq|PlayMusic
play a chant by Marina Verenikina|PlayMusic
Play Stevan Faddy on Google Music.|PlayMusic
Play some sixties on netflix|PlayMusic
play a tune from 1973|PlayMusic
Play me Benjamin Kowalewicz's top hits|PlayMusic
Find Mahalakshmi Iyer music on Netflix|PlayMusic
Play some music by Mark Heard.|PlayMusic
Play Inventions For The New Season|PlayMusic
I want to hear some freestyle music.|PlayMusic
play Yusef Lateef songs from the fifties|PlayMusic
Play sweet shanghai devil by Teddy Diaz.|PlayMusic
play paul riley on Youtube|PlayMusic
Play some rock music on Youtube|PlayMusic
Play music from negerpunk|PlayMusic
play music by Odd Nosdam|PlayMusic
Play music by Susumu Hirasawa.|PlayMusic
Can you play something off my Kids Workout playlist on Groove Shark|PlayMusic
play My Back Pages by Paul Young on vimeo|PlayMusic
Play me the greatest Doctor Fink song on zvooq|PlayMusic
Use Deezer to play music|PlayMusic
Play Bitch Please Ii from Julee Cruise on Iheart|PlayMusic
I want to hear music from the Lotus Flower album by Andy Mccoy|PlayMusic
Play a symphony from the thirties.|PlayMusic
Play the song Jingle Bells|PlayMusic
Please play me some Satire music|PlayMusic
Play a popular song by Willie Dixon on Groove Shark|PlayMusic
Let me listen to The Music Of Nature album by Paul Draper.|PlayMusic
I want to hear music from the sixties.|PlayMusic
I want to hear a soundtrack by dj ozma from the sixties.|PlayMusic
play Hanging Out and Relaxing|PlayMusic
Play Within You Without You by Distance on zvooq.|PlayMusic
play some Industrial music on Lastfm|PlayMusic
Play me a song from 1968 on Spotify|PlayMusic
Play the music of Aphex Twin's good Album|PlayMusic
Play me some music from 1999|PlayMusic
I want to hear Richard Falomir's best song on Pandora|PlayMusic
Let's play the album Handover on Deezer|PlayMusic
I want to hear Choice on Last Fm from the twenties.|PlayMusic
Play a 1964 symphony on Netflix.|PlayMusic
play the last song from the thirties by Airto Moreira|PlayMusic
Play Rob Dougan on youtube|PlayMusic
play the top jazz record from 1951|PlayMusic
Play music on Netflix by Don Kikas|PlayMusic
Play the last Jonny Wickersham song|PlayMusic
play Luis Alfonzo Larrain from 1995|PlayMusic
play a track by Alpha Blondy with Deezer|PlayMusic
I want to hear La Jaula De Oro by Mc Ren on Google Music.|PlayMusic
Play HÃ¦ttuleg HljÃ³msveit & GlÃ¦pakvendiÃ° Stella by Kaori Iida|PlayMusic
play some music from the thirties|PlayMusic
Play the track Goodbye Alexander, Goodbye Honey Boy from Ehsaan Noorani|PlayMusic
play me a Mel Draisey tune from the fourties with vimeo|PlayMusic
Play the best chant of 1975|PlayMusic
I want to hear secrets on parade from Tommy Walter|PlayMusic
Play the most popular twenties record from Leland Sklar|PlayMusic
Play the last 1954 ep by Povel Ramel.|PlayMusic
play music by Christian Bautista|PlayMusic
Play 2004 on pandora|PlayMusic
I'd like to hear Infinite Indie Folk on Slacker.|PlayMusic
Play some contemporary christian on Groove Shark.|PlayMusic
Play some music from 1989 by Sanjeev Abhyankar.|PlayMusic
Let me hear the Live From The Ghetto album by Beau Jocque.|PlayMusic
Play Turbulence Wild Streetdanz from Jeff Buckley|PlayMusic
play music from the year 1979|PlayMusic
Play the greatest Ricky Bell music|PlayMusic
Play some 1982 movement music on Slacker|PlayMusic
Play music by Sarah Connor|PlayMusic
Play movement by Duane Allman.|PlayMusic
Play music from Alison Sudol|PlayMusic
Play Odessa by Maartin Allcock.|PlayMusic
Play music from 1954|PlayMusic
I want to hear a 1976 symphony by Jam Master Jay|PlayMusic
Play the most popular track from Valery Alexandrovich Kipelov|PlayMusic
Play some good movement music by Brian Littrell from around 2001|PlayMusic
play 2007 tunes by Bunny Berigan|PlayMusic
Play a ballad form 2014 by Double on Google Music|PlayMusic
play Roy Orbison tunes now|PlayMusic