rate The Lotus and the Storm zero of 6|RateBook
Rate The Fall-Down Artist 5 stars.|RateBook
Rate the current novel one points|RateBook
rate The Ape-Man Within 4|RateBook
I give The Penalty three stars|RateBook
rate this novel a 4|RateBook
give 5 out of 6 points to Absolutely, Positively Not series|RateBook
I give Emile, or On Education five points.|RateBook
rate Licence Renewed a 4|RateBook
Give this essay a 2 out of 6.|RateBook
A rating of 5 of 6 points goes to Dickson McCunn trilogy|RateBook
rate Beyond the Shadows 3 of 6 stars|RateBook
Give 2 out of 6 points to the following textbook.|RateBook
the previous textbook is a 3|RateBook
Rate this album zero of 6|RateBook
rate in stars as a 6 for Lord of the Shadows which gets a four|RateBook
Rate Small Screen, Big Picture a 0 out of 6.|RateBook
give 0 stars to this textbook|RateBook
Rate the current novel a 0 out of 6 points|RateBook
give this book a rating of 3|RateBook
Rate the Tropic of Cancer book a 2 out of 6|RateBook
I would give this current textbook five points or a rating of 6|RateBook
give The Judas Tree a zero|RateBook
I am rating this book titled The Billion Dollar Ransom 3 stars.|RateBook
I would give Sixty Lights chronicle a rating of five and a best rating of 6|RateBook
rate this book titled Cold two stars|RateBook
I want to rate this current series a value of five and a best rating of 6|RateBook
Rate the current book a zero of 6|RateBook
Rate this novel 1 of 6|RateBook
I would rate this chronicle 4 stars|RateBook
Give A Human Being Died That Night 3 stars|RateBook
I'm rating The Skystone with three points|RateBook
rate this current saga 3 out of 6 points|RateBook
Rate the Wild Boy series 3 out of 6 stars|RateBook
Rate this album a one.|RateBook
Rate the Glory Season three stars|RateBook
Give this textbook 5 points|RateBook
give two stars to current album|RateBook
Rate the current saga a five|RateBook
give 0 rating to She and Allan book|RateBook
Rate the current series a one|RateBook
I want to give this album 3 points|RateBook
rate The Cry of the Owl a four|RateBook
A novel of this quality deserves your rating of four points|RateBook
I gave Joseph Andrews a 0 out of 6|RateBook
Give zero / 6 stars to the current album|RateBook
I want to give this album zero out of 6 stars|RateBook
Swine Not? deserves four points|RateBook
I rate Naked in Death a 5|RateBook
give the current series 3 points|RateBook
the next album is only one stars|RateBook
Rate this book three points|RateBook
rate this novel a 3|RateBook
Rate The Keys to the White House a zero|RateBook
Rate An Act of Terror 2 stars.|RateBook
I'm rating The Skystone with three points|RateBook
rate Call for the Saint 1 out 6 points|RateBook
Rate Merlin Effect a 0|RateBook
Give this album three out of 6 points|RateBook
The Last Hawk gets a total of 3 out of 6 stars from me|RateBook
0 stars for this textbook|RateBook
Rate the current series a one.|RateBook
I rate American History: A Survey a 5|RateBook
Give this current novel a 4.|RateBook
give this current novel a three|RateBook
the stars for this are 4 for a textbook|RateBook
rate the current chronicle book three points|RateBook
rate The Bunce 1 stars|RateBook
give this textbook a rating of 3|RateBook
Another Girl, Another Planet gets only one of a possiable 6 rating|RateBook
Rate this  textbook 2 of 6 stars|RateBook
I give The Spirit of St. Louis a 1|RateBook
Rate the book Post Office four points|RateBook
give 5 rating for this textbook|RateBook
I give this next essay zero out of 6 points|RateBook
Rate the current novel 3 of 6 stars|RateBook
Rate The Watsons four of 6 stars|RateBook
this novel should get zero points for how intrepid it is.|RateBook
I didn't like the book Nobody Lives For Ever, I give it a 2.|RateBook
rate this current book album four stars|RateBook
Give the current novel 5 points|RateBook
give Death on the Nile a three|RateBook
Rate The Gorilla Hunters 0 stars|RateBook
Rate this current essay three out of 6 stars|RateBook
this is rated 5 out of 6 for an essay|RateBook
rate the current album one points|RateBook
I give a zero rating for this essay|RateBook
Rate this book a zero|RateBook
Rate the current album 3 of 6 stars|RateBook
Rate The Secret of Dr. Honigberger 2 points out of 6|RateBook
Rate this chronicle three of 6 stars|RateBook
I rate the chronicle, Son of the Tree with four of 6 points.|RateBook
This current album deserve 0 points and a best rating of 6|RateBook
I rate The Variation of Animals and Plants under Domestication a value of 0|RateBook
Rate this textbook a zero|RateBook
The current textbook Gets 3 stars|RateBook
Rate The Stars Shine Down 5|RateBook
Give one / 6 points to Who Will Cry When You Die|RateBook
I think this essay should be given four points and a best rating of 6|RateBook
For this current saga I give 5 out of 6 possiable points|RateBook
I give The Lacuna a rating of 5 stars under the chronicle rated at 6|RateBook
give zero point to this textbook|RateBook
I give the current book two out of 6|RateBook
rate this album book zero out of 6 points|RateBook
I am rating this book 5 out 6 points|RateBook
rate If Tomorrow Comes 2 of 6 stars|RateBook
rate the current chronicle series 3 out of 6 points|RateBook
Rate this novel three out of 6|RateBook
I give One Clear Call zero out of 6 points|RateBook
rate The Practice of the Presence of God one of 6 points|RateBook
give 0 out of 6 points to this essay|RateBook
I would give Half a Life 3 out of 6|RateBook
rate the Beyond Black saga a one|RateBook
Rate this essay a four|RateBook
Rate the current novel 5 of 6 points|RateBook
give 5 out of 6 points to Short Trips: A Universe of Terrors|RateBook
I give this book Dictionary of the English Language a 4 rating|RateBook
rate Of Old Hearts and Swords a 0|RateBook
give the following essay one stars|RateBook
give one points to current book|RateBook
rate the current novel zero points|RateBook
I am giving this novel 3 stars|RateBook
And a body to remember with gets a full 5 stars.|RateBook
Rate Witchcraft and Paganism in Australia 1 points out of 6|RateBook
Rate the current textbook one of 6 stars|RateBook
rate The White Goddess 2 of 6|RateBook
I am rating this book under the series section a three out of 6 stars|RateBook
Rate the current essay 5 of 6 points|RateBook
For this novel I give a rating of 4 out of 6|RateBook
I give Ruled Britannia a rating of five out of 6.|RateBook
Give 4 points / 6 to Last Day in Limbo|RateBook
I rate 4 of 6 points for this textbook|RateBook
this book gets a 1 out of 6 rating from me.|RateBook
I want to give Think Like a Freak one stars|RateBook
rate the current essay a one|RateBook
The Voyage of the Dawn Treader deserves 5 points.|RateBook
Award Blood tables 2 points|RateBook
Give the current novel a one out of 6 rating.|RateBook
Who rated the book Women, Culture, and Society only 3 stars?|RateBook
rate the current textbook zero out of 6 points|RateBook
give two out of 6 to current book|RateBook
I give this last novel only 1 points|RateBook
Rate the current textbook a 4|RateBook
give four points to current essay|RateBook
The Cool World gets 4 points|RateBook
rate The Sunrise Lands a zero|RateBook
Rate Lords of the Rim zero stars|RateBook
Give The Frog Prince, Continued 2 points out of 6.|RateBook
Rate Sandworms of Dune three out of 6 stars|RateBook
Rate current book 2 of 6|RateBook
rate the current book 5 of 6 points|RateBook
score this album 5 stars|RateBook
I give The Universe Maker a rating of zero|RateBook
give 3 points to current textbook|RateBook
A Day No Pigs Would Die deserves a best rating of 6 and a value of 4|RateBook
I think the current album should get a four out of 6 rating.|RateBook
rate Goodbye, Mr. Chips one stars|RateBook
The current album deserves 0 stars|RateBook
Give this chronicle a 4|RateBook
give one out of 6 points to this essay|RateBook
I'd like to give a two rating to The Abolition of Britain.|RateBook
rate the current book 0 of 6|RateBook
Rate They Came from the Sea 1 of 6 points|RateBook
the stars for Behind the Beat should number four for this chronicle|RateBook
I think Memorial Day should have a rating value of 3 and a best rating of 6|RateBook
I want to give the current textbook 0 stars|RateBook
Glory Season deserves a perfect 5 points.|RateBook
give three out of 6 points to this album|RateBook
I give a rating of four to this textbook.|RateBook
rate this essay four stars|RateBook
Rate current essay a zero|RateBook
rate the current essay a 0 for me|RateBook
give Begums Thugs and White Mughals four points|RateBook
give Portions from a Wine-stained Notebook: Short Stories and Essays 0 points|RateBook
I would rate The Kid from Hell a value of 1 and a best rating of 6|RateBook
rate the current novel five out of 6 stars|RateBook
Rate Notes from the Internet Apocalypse four of 6 stars|RateBook
Rate this novel four of 6|RateBook
Give Letty Fox: Her Luck 4 out of 6 stars|RateBook
I give the current textbook 0 of 6 points|RateBook
give this album a 4 out of 6|RateBook
give two points out of 6 to this essay|RateBook
rate the current saga 4 of 6|RateBook
Rate this essay with three of 6.|RateBook
rate the current essay with 4 points|RateBook
Rate this essay a four|RateBook
Give this novel a rating of 1 points.|RateBook
Rate current book 0|RateBook
rate Six Months in Mexico 1 out of 6|RateBook
Give two stars to Scribblings|RateBook
I want to give Rebbe: The Life and Teachings of Menachem M. Schneerson, the Most Influential Rabbi in Modern History two out of 6 points|RateBook
Rate this book 0 of 6 points|RateBook
Rate The War of the Roses 2 out of 6|RateBook
Rate The Longest Day with zero stars out of 6.|RateBook
Give Star Trek: The Motion Picture a five out of 6.|RateBook
Rate Colorless Tsukuru Tazaki and His Years of Pilgrimage one stars|RateBook
I only give Blood Work two stars|RateBook
rate the current chronicle a five|RateBook
give The Last Child 4 of 6|RateBook
For this current essay I give 5 of 6 points|RateBook
Rate my current textbook four out of 6|RateBook
give 4 out of 6 stars to this textbook|RateBook
Give this album 0 stars|RateBook
Rate the current novel one of 6|RateBook
this essay is five stars for sure|RateBook
Rate this book a five|RateBook
I give The Screaming Staircase a five.|RateBook
rate the current series 1 points|RateBook
rate Lost Empires of Faerûn five of 6 stars|RateBook
give 0 points to The Eudaemonic Pie|RateBook
The Evil Experiment gets zero out of 6 points|RateBook
Rate my current album 5 points|RateBook
Rate the current novel 5 of 6 points|RateBook
Rate this novel 1 of 6|RateBook
I would rate this essay 2 stars and a best rating of 6|RateBook
rate my current novel four out of 6 stars|RateBook
I would say this essay deserves four points|RateBook
I would like to rate the book The Three Impostors 2 to 6 stars.|RateBook
rate the current textbook 2 out of 6|RateBook
Rate this book three out of 6|RateBook
Rate Mimi and the Biscuit Factory 5 out of 6|RateBook
rate Varney the Vampire with 1 points|RateBook
Rate The Doors of Perception 3 stars|RateBook
give 4 stars to this essay|RateBook
Rate the current textbook five of 6|RateBook
the series City on Fire is a four|RateBook
Rate the Why Is Sex Fun? saga two of 6|RateBook
I want to give Panther in the Basement four points|RateBook
rate the book The Ninth Avatar 3 out of 6 stars|RateBook
Give Love in the Time of Foreclosure 4 of 6|RateBook
Rate the current textbook four out of 6|RateBook
I would rate The Persistence of Vision 1 stars and a best rating of 6|RateBook
Give this current book zero out of 6|RateBook
I want to rate A Long Short War series a four out of 6.|RateBook
Give Physics of the Impossible four points.|RateBook
I want to give this album 4 stars|RateBook
Add rating of 5 to this novel|RateBook
rate this album one stars|RateBook
For the book The Sting of the Scorpion I give three of a possiable 6 rating|RateBook
Rate the Rogue Lawyer 4 out of 6|RateBook
Give three points out of 6 to One Hundred Poems of Tukaram|RateBook
I want to give Elephants Can Remember 4 out of 6 points|RateBook
Rate this album three of 6 points|RateBook
rate This Is How You Die chronicle a one|RateBook
rate the book Giants of the Frost two out of 6 points|RateBook
I think this textbook should have a rating of four and a best rating of 6|RateBook
I give this novel a 0 out of 6 rating|RateBook
give zero points to this essay|RateBook
rate this book 3 stars|RateBook
I would like to rate this album 3 points and a best rating of 6|RateBook
rate the current album 5 out of 6 points|RateBook
give Power of Faerûn two of 6|RateBook
rate this album 2 points|RateBook
rate the current chronicle 0 of 6 stars|RateBook
Rate this essay a two out of 6|RateBook
Rate this current essay 1 out of 6 points|RateBook
Give this book chronicle four stars|RateBook
Rate this essay five points|RateBook
Rate this essay five stars|RateBook
give this textbook a 5 out of 6 rating|RateBook
Rate The Philosophic Thought of Ayn Rand three of 6 stars|RateBook
Give The Whisperer a rating of 0.|RateBook
Can you rate this novel as a four?|RateBook
rate the last textbook three stars|RateBook
Please rate Think Like a Freak 3 points out of 6.|RateBook
the current book I'm reading should be rated zero out of 6|RateBook
I give The Battle of Bretton Woods saga two of 6 stars|RateBook
Rate this album 0 points|RateBook
give five out of 6 stars to current essay|RateBook
this saga is definitely worth 4 stars.|RateBook
gve 2 points to The Stinky Cheese Man and Other Fairly Stupid Tales|RateBook
Give The Crisis, one / 6 points|RateBook
I gave Chart Throb 4 of 6 stars|RateBook
rate this book called Kings of the High Frontier four points|RateBook
Give this book a rating of two out of 6.|RateBook
I give this album a 0 of 6 stars|RateBook
I want to rate the Selected Letters of H. P. Lovecraft I saga 3 stars|RateBook
Rate the current album a 3.|RateBook
rate the book series I, Robot one out of 6 stars|RateBook
I give this current textbook five stars|RateBook
this chronicle gets a three out of 6.|RateBook
Give this novel two points|RateBook
give one out of 6 points to current series|RateBook
Rate this textbook two out of 6|RateBook
For the textbook, out of 6 possible I give the following one a 3.|RateBook
Rate this textbook 1 of 6|RateBook
rate the current series a zero|RateBook
rate The Detective a 3 out of 6|RateBook
give 0 points to The Hand in the Glove|RateBook
rate this novel a 1 of 6 for me|RateBook
I give this essay 0 of 6 stars|RateBook
Rate this album 3 out of 6|RateBook
Rate The Last Opium Den 0 points|RateBook
rate the current essay 2 stars|RateBook
Give the current series a one.|RateBook
Give the current part of the series 1 points.|RateBook
Rate In Search of Our Origins two points out of 6.|RateBook
rate this book The Book of Snobs 1 points|RateBook
give the Racing the Rain saga zero stars|RateBook
Programming the Universe is average and deserves three stars out of 6.|RateBook
For this series I give the rating of four of 6 stars|RateBook
I think this book should have a rating value of 1 and a best rating of 6|RateBook
I would rate The Door to December 3 points and a best rating of 6|RateBook
this textbook only gets two out of 6 stars|RateBook
I rate the current textbook a 0 of 6|RateBook
Give this book 1 stars.|RateBook
Give this book zero stars|RateBook
I am giving Paedophilia: The Radical Case a rating of 2 out of 6 points|RateBook
put a rating of 0 out of 6 to this chronicle|RateBook
give 0 to The Sky Village|RateBook
I give a rating of 2 to the book Swine Not?|RateBook
four out of 6 stars for the previous essay|RateBook
add five stars to my current chronicle|RateBook
I want to rate The Medici Seal two out of 6 points|RateBook
I would give this current novel 2 stars with a best rating of 6|RateBook
Rate the current book a zero.|RateBook
Give The Fox and the Hound a 1|RateBook
give 4 out of 6 stars to current chronicle|RateBook
five points for this novel|RateBook
rate the Broke: Who Killed the Middle Classes? chronicle a five|RateBook
rate this novel five points|RateBook
rate Gray Mountain a zero|RateBook
rate this essay four out of 6|RateBook
I would rate Oblivion: Stories a two|RateBook
the last essay is a 2 out of 6|RateBook
I gave the current chronicle a 3 of 6|RateBook
The Battle for Skies gets a three|RateBook
I would give the series History Decoded: The 10 Greatest Conspiracies of All Time a rating of 3 points|RateBook
Rate Political Liberalism 1 out 6 stars|RateBook
Please rate the current album 4 stars.|RateBook
Give this chronicle 4 stars|RateBook
rate the previous essay four of 6 points|RateBook
I want to give The First Person and Other Stories 0 out of 6 stars|RateBook
rate the current album 2 points out of 6|RateBook
rate the book The Egoist five out of 6|RateBook
give 1 out of 6 points for Collected Works|RateBook
rate this book a zero|RateBook
Rate the current book 0 stars|RateBook
rate Winnie-the-Pooh four out of 6|RateBook
Rate The Man from the USSR and Other Plays a 0|RateBook
Give this book a rating of 3 out of 6 points.|RateBook
rate the book Oath of Swords three for 6|RateBook
Rate The Strange Death of Tory England 1 stars|RateBook
I am giving the current book two stars|RateBook
rate First Man: The Life of Neil A. Armstrong three of 6|RateBook
Rate Secret Weapon a four|RateBook
Rate the current book zero of 6 stars|RateBook
rate the current textbook 4 of 6 points|RateBook
Rate A Division of the Spoils 5 stars|RateBook
I would rate this book a value of 3 and a best rating of 6|RateBook
rate the book Strumpet City zero for 6|RateBook
Give five points to An Ice-Cream War|RateBook
give 3 out of 6 points to The Secrets of Love|RateBook
Give the current novel 4 of 6 stars|RateBook
Rate Renewable Electricity and the Grid one stars out of 6|RateBook
Rate my current book five points out of 6|RateBook
give Jackass Investing a three|RateBook
Rate 5 out of 6 points to My Favorite Fantasy Story|RateBook
rate this textbook a 4|RateBook
Rate this essay 4 of 6 stars|RateBook
I gave the current series 0 points|RateBook
Rate the At the Villa Rose series 3 of 6|RateBook
rate this book 1 out of 6|RateBook
put a rating on this book of three|RateBook
Rate this novel 3 out of 6 points.|RateBook
give 2 out of 6 stars to current chronicle|RateBook
This current book only nets 3 out of 6 points|RateBook
Give this book 2 out of 6 stars.|RateBook
Rate the current book 3 out of 6|RateBook
rate Peveril of the Peak a five|RateBook
Rate The Empty Throne a 4|RateBook
When Religion Becomes Evil is only worth 1 stars|RateBook
I give the previous novel one out of 6 stars.|RateBook
Dragon Age: The Stolen Throne gets 1 points|RateBook
Assign 0 points out of 6 to The Gate of Worlds|RateBook
I want to give The Cat Who Walks Through Walls a 1|RateBook
I give the last textbook one out of 6 points.|RateBook
Give Beauty Is in the Street three out of 6 stars|RateBook
Rate Making Sense of Marx 2 stars.|RateBook
give Song of Scarabaeus five of 6 stars|RateBook
Rate this essay 1 stars|RateBook
I'd rate this essay 1 out of 6|RateBook
I rate Observations one points|RateBook
give Wannabe: How The Spice Girls Reinvented Pop Fame 2 points|RateBook
I give Life During Wartime a one out of 6.|RateBook
Rate Cotton Comes to Harlem a 2|RateBook
Add a rating of zero points out of 6 to The Inheritance of Loss|RateBook
For the book The Mirrored Heavens  I give one of a possiable 6 stars|RateBook
I give this book a 3 out of 6 .|RateBook
I would rate this novel a four|RateBook
rate Break No Bones series a 1 of 6|RateBook
rate the current album 5 points|RateBook
Give the Televised Morality series a one.|RateBook
rate this chronicle a 0|RateBook
rate the book saga A Coin in Nine Hands 0 points|RateBook
The Complex: How the Military Invades Our Everyday Lives has a best rating of 6 stars but I will give it zero|RateBook
this album is rated at a 0 out of a possible 6.|RateBook
Give two points to One Virgin Too Many|RateBook
Can you give this textbook a 2 out of 6?|RateBook
give 4 out of 6 stars to this textbook|RateBook
I rate the book Creature in the Teacher 3 stars|RateBook
Rate the current book a three|RateBook
rate this book titled The Gray Prince 5 points|RateBook
Rate this novel 4 out of 6|RateBook
Give this essay four stars / 6.|RateBook
I rate the book Time and Stars  two points|RateBook
Rate my current novel 3 out of 6|RateBook
I want to give this book three out of 6 stars|RateBook
Rate The Bishop a 1|RateBook
Rate The Joy of Gay Sex a 5 out of 6|RateBook
Rate this textbook zero stars|RateBook
add this current book five stars|RateBook
I rate Monster Mythology 3 points.|RateBook
The Coming Insurrection should get a rating of 1|RateBook
Give the book Buzz about Bees a 2 star rating out of 6.|RateBook
I want to rate the current textbook with 4|RateBook
this album is five stars.|RateBook
Rate Adventures in Stationery saga 5 stars|RateBook
Freud: A Life for Our Time deserves a solid 4|RateBook
Give this textbook 3 stars.|RateBook
rate this novel four stars|RateBook
Rate this album a 2|RateBook
Rate my current album 3 stars|RateBook
I would give Basic Battle Skills a rating of four|RateBook
I would rate Tree of Smoke a value of two or a best rating of 6|RateBook
Rate the current novel 1 of 6|RateBook
out of 6 give The Morganville Vampires a 1|RateBook
give 0 out of 6 stars to Reality of Certainty|RateBook
Diana in Search of Herself is average and gets a 3 out of 6 points|RateBook
Rate this saga two with a bet rating of 6|RateBook
I am giving this current novel 4 out of 6 stars|RateBook
I want to give the current textbook 2 out of 6|RateBook
Rate In the Eyes of Mr. Fury zero of 6|RateBook
Rate the current novel 5 of 6|RateBook
Give Signals of Belief in Early England four of 6|RateBook
Rate Dictionary of the English Language a 4|RateBook
Give the current essay 3|RateBook
Rate this textbook a 1|RateBook
give 5 out of 6 stars to Creatures of Light and Darkness|RateBook
Rate The Loneliness of the Long Distance Runner 0 points / 6|RateBook
Rate this essay two out of 6 stars|RateBook
this saga is definitely worth 4 stars.|RateBook
Rate Blood and Gold saga 0 points|RateBook
Give The Body Artist a 5.|RateBook
Rate this book four stars out of 6|RateBook
Rate Seeing with the Eyes of Love 5 points|RateBook
I'd rate the chronicle called The Art of Loving 3 points out of 6|RateBook
Rate Hocus Bogus a 4.|RateBook
Rate The First Death 1 stars|RateBook
Rate the current novel 3 points.|RateBook
Rate Cold Light 5 out of 6 points.|RateBook
rate the book The Outlaws of Sherwood two stars|RateBook
Rate The Demolished Man a five|RateBook
give 3 out of 6 stars to this essay|RateBook
I giv the current novel a four|RateBook
I would give zero stars to A Concise Treatise on the Art of Angling out of 6.|RateBook
Rate my current book 3 out of 6|RateBook
give zero out of 6 points to The False Peace|RateBook
4 stars out of 6 is the rating for Fires of Azeroth|RateBook
Rate this novel 0 of 6 stars|RateBook
Give A Mile Beyond the Moon five points|RateBook
rate The Confidence-Man 3 points|RateBook
rate Animals of the Bible one of 6 points|RateBook
Rate the current book 1 of 6 points|RateBook
I give 1 stars out of 6 to this current series.|RateBook
the stars total 6 but Journey Under the Midnight Sun gets a four|RateBook
I rated The Island of Adventure saga a 2 of 6|RateBook
Rate The Art of Nijinsky 5 points|RateBook
rate the current essay four of 6|RateBook
I'd give With Lee in Virginia, A Story of the American Civil War chronicle 4 of 6|RateBook
Rate this album five out of 6 stars.|RateBook
rate The Brothers Karamazov a four|RateBook
rate Atop an Underwood: Early Stories and Other Writings 0 out of 6 stars|RateBook
give three stars to current essay|RateBook
Give this novel 5 stars|RateBook
Rate the current album a five out of 6|RateBook
Rate A Taste of Blackberries  a three|RateBook
I give zero points to this chronicle|RateBook
I would rate this chronicle a value of 1 and a best rating of 6|RateBook
rate Mandela: The Authorised Biography a one|RateBook
I'd like to give a rating of 4 to this current book.|RateBook
I give the previous saga 4 out of 6|RateBook
Rate The Autobiography of Alice B. Toklas 1 out of 6 stars|RateBook
i give The Aquariums of Pyongyang 3 out of 6 stars|RateBook
rate The Odd Angry Shot five points|RateBook
Give A Kentucky Cardinal four points|RateBook
four points for this essay|RateBook
I would rate Eater of Wasps a value of zero and a best rating of 6|RateBook
give 0 out of 6 points to The Paper Men|RateBook
Rate the current essay zero points|RateBook
rate this series one of 6|RateBook
give this textbook zero out of 6 points|RateBook
Rate my current essay a 2|RateBook
Please give 1 points to Waiting for the Mahatma.|RateBook
I give The Cat and the King 2 stars.|RateBook
The Naked and the Dead was pretty good, I'd give it four stars.|RateBook
I would rate this book chronicle, 3 out of 5 stars.|RateBook
The book History of Shit should be rated 2 out of 6.|RateBook
Rate The White Body of Evening  one of 6|RateBook
I want to give Select Conversations with an Uncle 5 stars|RateBook
Rate the current essay 4 out of 6|RateBook
National Lampoon Tenth Anniversary Anthology 1970–1980 is a 4 out of 6 read|RateBook
Rate The Night Land three out of 6|RateBook
rate the current novel one out of 6|RateBook
this album is the last and rated five|RateBook
rate the book The Orchard Book of First Greek Myths a 0|RateBook
Gie this textbook 3 stars|RateBook
Rate the current novel two stars|RateBook
I give The Lady Decides a rating value of 4 and a best rating of 6|RateBook
I'd say Life in the Iron Mills was a five|RateBook
rate this saga 4 out of 6 stars|RateBook
The current essay only deserves one out of 6 points|RateBook
give the current textbook 1 out of 6 stars|RateBook
rate Beaver Towers five out of 6 stars|RateBook
rate the last series one of 6 stars|RateBook
I feel that zero out of 6 points would be the rating of Queen of the Dawn.|RateBook
I would rate the chronicle The Monks of Thelema a 2|RateBook
I liked Ports of Call, I'd give it a 5 out of 6.|RateBook
give The Council of Dads 1 out of 6 stars|RateBook
rate The Citadel 1 out of 6 points|RateBook
Give 4 stars to the current essay|RateBook
Rate the current textbook 1 of 6 stars|RateBook
I want to rate the saga The Italian two to 6 points.|RateBook
rate The Pig Scrolls one of 6 points|RateBook
the next book is worth two|RateBook
rate Cousin Bette 5 points|RateBook
Give four / 6 points to Empire of Death|RateBook
Rate Recovery Road a three|RateBook
Give the current series two stars.|RateBook
The Comics We Loved gets 1 out of 6 points|RateBook
I would give this current chronicle a value of 4 and a best rating of 6|RateBook
The Mad Scientist Hall of Fame gets only a two out of 6|RateBook
Rate the current essay zero stars|RateBook
Rate To Live and Die in L.A. a four out of 6.|RateBook
give 3 out of 6 points to current novel|RateBook
Rate this current novel 1 out of 6 points.|RateBook
4 stars for Three to Get Deadly|RateBook
Give this album a five out of 6|RateBook
Not Yet: A Memoir of Living and Almost Dying was one out of 6 stars|RateBook
I give Out of Sync zero out of 6 points.|RateBook
The book History by Contract is rated five stars in my opinion.|RateBook
Rate What Is Called Thinking? 0 stars|RateBook
rate this book saga 3 out of 6 stars|RateBook
this textbook gets a two|RateBook
Give the current textbook 5 / 6 points|RateBook
Give this series 3 stars|RateBook
rate the current book 3 out of 6 stars|RateBook
give Heartland chronicle four points|RateBook
Rate The Masks of Time zero of 6 stars|RateBook
give 0 out of 6 points to current textbook|RateBook
find five points called The Origins of Virtue|RateBook
Rate my current book one stars|RateBook
Rate this book four points|RateBook
I would give this book a value of 2 and a best rating of 6|RateBook
Rate Lord of the World a value of 4|RateBook
I rate this essay 5 of 6 points|RateBook
Rate this novel three out of 6 stars|RateBook
i give the following textbook three points|RateBook
give two out of 6 stars to current book|RateBook
Rate this essay two stars|RateBook
I rate Vivian Grey three.|RateBook
give three stars to chronicle Falling in Love With Hominids|RateBook
Rate The Principle of Hope 1 out of 6 stars|RateBook
I want to give this current textbook 4 points.|RateBook
I am giving this current novel 1 out of 6 stars|RateBook
Rate the current textbook 4 out of 6 points|RateBook
Give The Neon Bible three stars / 6|RateBook
I give the current chronicle one of 6 stars|RateBook
I rate this essay a two of 6 points|RateBook
I would rate The Spoiler 0 stars|RateBook
I give the next essay 4 out of 6 points.|RateBook
Rate this current novel 5 points|RateBook
Rate The Change 0 out of 6 points|RateBook
Give the current book a one out of 6.|RateBook
This current book deserves 1 points|RateBook
Rate this textbook a three|RateBook
Rate Voyages by Starlight a value of 0|RateBook
rate the book Now and Forever 1 out of 6 points|RateBook
Rate this book 3 out of 6 points|RateBook
I feel like this essay deserves four stars|RateBook
Rate Contesting the Future of Nuclear Power a four|RateBook
this essay deserves 0 stars.|RateBook
I would give Sentenced to Prism a rating of zero and a best rating of 6|RateBook
rate this book a zero|RateBook
Give Waiting for the Mahatma 5 out of 6 points.|RateBook
For the book Deception I rate it four points|RateBook
I rate The Mathematical Magpie chronicle a 0 of 6|RateBook
Give Grand Conspiracy zero out of 6 points.|RateBook
I'd like to rate this textbook 4 out of 6|RateBook
rate this novel a three|RateBook
give 1 stars to book Mr Ponsonby|RateBook
rate the current textbook 3 out of 6|RateBook
I am giving the book titled The Masters of Solitude a rating of two out of 6|RateBook
I would rate this chronicle zero and a best rating of 6|RateBook
rate this album one out of 6|RateBook
I think this essay is only good for one stars|RateBook
The Amityville: The Evil Escapes chronicle is only a 1 out of 6.|RateBook
Rate the current novel a 3|RateBook
Rate the Casualties of Peace series one of 6|RateBook
the following essay is worth four out 6|RateBook
give two stars to current chronicle|RateBook
The Latham Diaries deserves a rating value of 0 and a best rating of 6|RateBook
give four out of 6 points to current album|RateBook
Rate this novel 1 points.|RateBook
Rate this novel at 2|RateBook
rate this essay three of 6 stars|RateBook
Give The Lost Princess 3 stars.|RateBook
Rate Shadow of Night a 1|RateBook
rate the book Line to Tomorrow three stars|RateBook
rate Eleanor Rigby a 3|RateBook
I rate Doom 3: Worlds on Fire a 1 of 6|RateBook
the next novel is 4 stars|RateBook
Give Twas the Night Before Christmas 0 points out of 6.|RateBook
rate this textbook 4 out of 6 stars|RateBook
I'd rate the current chronicle 2 points|RateBook
Please rate this book and album 4 to 6 stars.|RateBook
Make this essay two out 6 stars|RateBook
give zero out of 6 points to Marxism and the Oppression of Women|RateBook
I would give Dead Man Falling 5 points and a best rating of 6|RateBook
give two points out of 6 to this novel|RateBook
give 4 out of 6 stars to this textbook|RateBook
Rate Maps for Lost Lovers 1 of 6|RateBook
give 1 out of 6 points to this novel|RateBook
Give this essay one star out of 6|RateBook
Rate this album 4 points|RateBook
rate this book four of 6 points|RateBook
The Rats of Hamelin deserves zero points|RateBook
rate this album 1|RateBook
For this book I rate four points|RateBook
I give Jonathan Livingston le goéland 2 of 6 points|RateBook
rate The Overton Window series a two out of 6|RateBook
Rate the current textbook with 2 points out of 6.|RateBook
Rate The Natural a 4|RateBook
Rate this album  zero stars|RateBook
rate the current essay 5 points|RateBook
Of a total possible of 6, I think the current book is a five.|RateBook
Rate my current book four points out of 6|RateBook
Rate The Desert Column 3 out of 6|RateBook
rate this essay two points out of 6|RateBook
Rate the previous essay 5 out of 6|RateBook
Give this saga a 5 out of 6 rating.|RateBook
Rate this awful book called Cold with 0 out of 6 points|RateBook
rate this chronicle 3 stars|RateBook
For Mirrorshades I rate it three stars|RateBook
I would rate this current series I'm reading a two out of 6|RateBook
rate this textbook 2 out of 6|RateBook
rate this novel 0 of 6 stars|RateBook
I am giving the current novel a four out of 6 rating.|RateBook
Rate Tropic of Capricorn two stars|RateBook
Give The Lost World 2 points|RateBook
give four out of 6 star to this novel|RateBook
3 out of 6 for the last album|RateBook
rate this book 4 out of 6|RateBook
this current book is worth five|RateBook
rate this current album five out of 6 points|RateBook
Warriors of Legend gets a 3 out of 6|RateBook
rate the current album two points|RateBook
Rate the current textbook 3 of 6|RateBook
Rate Homicide: A Year on the Killing Streets five stars|RateBook
Rate this book zero out of 6|RateBook
rate the chronicle following a 4|RateBook
I want to give The Nightmare Fair five stars and a rating of 6|RateBook
Rate the My Beloved World saga a one|RateBook
Big Breasts and Wide Hips is terrible and 1 out of 6|RateBook
give one out of 6 star to A Girl Is a Half-formed Thing chronicle|RateBook
Rate Wielding a Red Sword 0 stars|RateBook
Rate this essay a 3|RateBook
rate Secrets and Lies 2 of 6 stars|RateBook
I'd give The Day of Reckoning four points|RateBook
I feel that Sons and Lovers deserves a rating of 2.|RateBook
Rate this album only three points|RateBook
give two out of 6 points to current textbook|RateBook
Rate my current textbook 1 out of 6 points|RateBook
rate Getting It Wrong from the Beginning a value of 4|RateBook
I give the previous series four stars.|RateBook
give five star to The Second Angel series|RateBook
give this novel 3 of 6|RateBook
Rate the current essay 3 out of 6 points|RateBook
Give this novel two out of 6 stars|RateBook
give this textbook a five|RateBook
Remember the City nets five out of 6.|RateBook
rate the current chronicle a zero|RateBook
Give The Phantom Ship a zero.|RateBook
Rate this chronicle 0|RateBook
Give this chronicle a 4 out of 6|RateBook
Rate the saga Rides a Dread Legion zero out of 6 points.|RateBook
give three out of 6 points in current essay|RateBook
Rate Encyclopaedia of the Social Sciences zero out of 6|RateBook
Rate the White Lies chronicle 0 stars|RateBook
give four star to current novel|RateBook
I would give Bones of the Earth 2 points|RateBook
I am giving this current essay zero out of 6 stars|RateBook
For the current essay I give a total of 1 stars|RateBook
Rate the current textbook a 0 out of 6.|RateBook
I want to give The Coming of the Terraphiles a rating of 1.|RateBook
Rate my current book 1 out of 6|RateBook
I am giving the book After Henry a rating of 0 out of 6 stars|RateBook
Rate this album one value|RateBook
rate With Kitchener in the Soudan 2 stars out of 6|RateBook
The current essay gets four points|RateBook
Rate this textbook 2 points.|RateBook
Rate current book two points|RateBook
I would give the All That: Fresh out the Box saga a rating of 2 points|RateBook
Rate 3 out of 6 points to Darkworld Detective|RateBook
Rate this novel 5 out of 6 stars|RateBook
I'd give The Mystery of the 99 Steps three stars out of 6|RateBook
I give 4 of 6 stars for the saga A Severe Mercy|RateBook
Rate this album three out of 6|RateBook
I want to give the current textbook 0 out of 6 stars|RateBook
Rate this album 2 stars|RateBook
give 5 out of 6 points to Myths of the Hindus & Buddhists|RateBook
the previous book is five out of 6 stars|RateBook
give four points to this novel|RateBook
Rate current novel two stars|RateBook
Rate the current essay four out of 6.|RateBook
Rate The Coming of Bill 3 of 6 stars|RateBook
Rate this essay 4 out of 6 stars|RateBook
The current series deserves three stars.|RateBook
Give The Turning Point a 0 out of 6.|RateBook
rate the book Indiana Jones and the Dance of the Giants 5 out of 6 stars|RateBook
rate The Descendants two points|RateBook
give Rathinirvedam a rating of 3 out of 6|RateBook
Rate Equal Affections one points|RateBook
Rate this book one stars|RateBook
rate Cock and Bull 5 of 6 points|RateBook
I think this novel gets 1 stars|RateBook
Rate The Making of a Teacher a two|RateBook
Rate this textbook 1 stars|RateBook
I wish to give this textbook a zero out of 6 points|RateBook
rate this book 2 stars|RateBook
rate the last book 0 stars|RateBook
I give the Flash series 0 out of 6.|RateBook
I think that this book deserves a 3|RateBook
Give the current chronicle 2 stars.|RateBook
rate the current saga one stars|RateBook
Rate the current album 3 points|RateBook
Rate Peter and the Sword of Mercy 3 of 6 stars|RateBook
rate The Lost Hero chronicle four out of 6|RateBook
Out of 6 stars I give the chronicle three and look forward to what's next.|RateBook
Give Souls in Metal four out of 6 points|RateBook
For the book Tale of the Toa I give five points|RateBook
I give The Prestige a rating of 5|RateBook
I give the Budayeen Nights saga five out of 6 points.|RateBook
rate The Key Word and Other Mysteries 4 of 6|RateBook
Rate this textbook 4 stars.|RateBook
Give the current novel a 3 out of 6 rating|RateBook
Rate the Deception chronicle one of 6 points|RateBook
3 stars is the rating for Boy Meets Boy|RateBook
Rate The Summer Job 5 stars|RateBook
I give the following saga a 5.|RateBook
Rate my current novel one out of 6 points|RateBook
Rate this book 0 points out of 6|RateBook
Rate this series one out of 6.|RateBook
this album deserves to be rated one out of 6!|RateBook
Rate From a Buick 8 0 out of 6|RateBook
Give the current essay a rating of zero out of 6 stars.|RateBook
give 2 for this essay|RateBook
give Mistborn: The Well of Ascension four out of 6|RateBook
Rate A Faint Cold Fear  0 points|RateBook
Rate this novel a 3|RateBook
rate the current album 2 out of 6|RateBook
Give a 4 star rating to Fear and Loathing on the Campaign Trail ’72|RateBook
Rate current textbook 5 out of 6|RateBook
Rat Short Trips: A Christmas Treasury a 3|RateBook
I'd give The Hundred Thousand Kingdoms a three of 6|RateBook
this chronicle is a zero out of 6.|RateBook
Rate CIA World Factbook five out of 6 stars|RateBook
rate the Poems for Midnight saga 4 points|RateBook
give four out of 6 stars for this chronicle|RateBook
the next essay gets 2 out of 6 stars|RateBook
The current album gets three out of 6 points|RateBook
I would rate this essay a one and a best rating of 6|RateBook
rate this book four out of 6 points|RateBook
rate the previous novel a 1 out of 6|RateBook
For this current textbook I give 4 stars|RateBook
rate this saga 1 points|RateBook
Rate The Black Mask 1 of 6 stars|RateBook
rate The Princess Mouse: A Tale of Finland one of 6|RateBook
The current series only deserves two out of 6.|RateBook
the horrible current essay gets only a 0 out of 6|RateBook
They Knew Mr. Knight should get out of 6 a rating of two|RateBook
Rate this textbook only three points|RateBook
Rate Phoenix: The Fall & Rise of Videogames one points out of 6|RateBook
I would give this current chronicle three points|RateBook
I'd give the Main-Travelled Roads series 0 points out of 6|RateBook
I rate the current saga 0 points and a best rating of 6|RateBook
Rate The A-Z Guide to Arranged Marriage 0 of 6|RateBook
Give the current album 1 star|RateBook
rate the book Dreams of the Raven 5 stars|RateBook
Give Conan the Buccaneer 5 of 6 points|RateBook
Rate the following series a one out of 6|RateBook
Contemporary Religious Satanism gets a rating of 3.|RateBook
Rate Company for Gertrude 4 of 6|RateBook
I would like to rate the current chronicle 4 to 6 stars.|RateBook
rate the current essay a four|RateBook
I give the chronicle Atop an Underwood: Early Stories and Other Writings a rating value of 3 and a best rating of 6|RateBook
I would like to rate Tar: A Midwest Childhood a value of 1 and a best rating of 6|RateBook
current album gets a value of 0|RateBook
Rate this essay four|RateBook
rate this essay 2 points|RateBook
I would give French Poets and Novelists a best rating of 6 and a value of three|RateBook
give the current chronicle three points|RateBook
Rate this album a one|RateBook
This current essay deserves only a three rating|RateBook
Give The Diamond Chariot a 0 out of 6.|RateBook
I think that this essay deserves four stars|RateBook
Rate this textbook four points|RateBook
Rate the current novel four of 6 stars|RateBook
I feel that The Loveday Trials is rated at a one out of 6 points.|RateBook
I give The Elegant Universe five out of 6 stars|RateBook
rate this textbook a one|RateBook
Rate The Astonishing Life of Octavian Nothing, Traitor to the Nation, Volume II: The Kingdom on the Waves series 2 points|RateBook
Rate the current book 1 points|RateBook
Rate Steps two out of 6 points|RateBook
Give the current album a 2|RateBook
give two out of 6 stars saga called The Big Question|RateBook
rate the previous textbook a 4 out of 6|RateBook
I think this saga only deserves a 0 out of 6.|RateBook
Give the current textbook five stars.|RateBook
rate current essay 1 stars|RateBook
rate this current essay 4 out of 6 stars|RateBook
I gave Perchance to Dream 4 of 6 points|RateBook
Give the Hover Car Racer chronicle two of 6 stars|RateBook
give a 5 to A Picture of Her Tombstone|RateBook
I would give this chronicle 0 stars|RateBook
I want to give this textbook four out of 6|RateBook
I give 3 of 6 stars for the current textbook|RateBook
this novel gets 1 star|RateBook
I would like to rate The Hundred-Year Christmas four stars.|RateBook
Give the current album a four.|RateBook
Give The Plague a 0|RateBook
can i give the book The Saga of Seven Suns a four out of 6 stars|RateBook
I want to give A Mortal Flower a two|RateBook
rate this series titled Adolf Hitler: My Part in His Downfall two stars|RateBook
Add a rating of 0 out of 6 stars to The Lady of The Aroostook|RateBook
give 2 stars to Mulligan Stew series|RateBook
rate Doctor No one of 6|RateBook
Rate this novel one out of 6 stars|RateBook
I am giving this current textbook 4 stars|RateBook
Rate this textbook a 5|RateBook
I give The Homo Handbook saga 3 of 6 stars|RateBook
rate the current essay three of 6 points|RateBook
I give Nothing Lasts Forever 5 out of 6 points.|RateBook
Rate Wolves Eat Dogs 5 out of 6 points|RateBook
Rate this novel four stars|RateBook
My current textbook should have a rating value of 5 and a best rating of 6|RateBook
The book As Sure as the Dawn gets a two out of 6 rating|RateBook
I wish to rate zero points out of 6 to The Crack in Space.|RateBook
give this book titled Othappu zero points|RateBook
I'd like to rate My Beloved World two points|RateBook
Rate the current textbook a 5.|RateBook
I want to give this book a rating of 2 points out of 6.|RateBook
Give the book Men and the City 3 out of 6 stars|RateBook
I give a rating of 3 to The Ultimate Resource.|RateBook
Give A History of the Mind a 2 out of 6 points.|RateBook
I rate Cold Tom four points and a best value of 6|RateBook
For the book Icon of Evil  I rate a 2|RateBook
Rate the current essay 0.|RateBook
Rate this novel a 1 out of 6|RateBook
Give Star Songs of an Old Primate 4 out of 6 points|RateBook
give this saga a 4|RateBook
rate Lone Wolf 3 points|RateBook
Rate Gates of Fire a 2|RateBook
For the book The Flash: Stop Motion I give a rating of 5 points|RateBook
I want to give this novel a four out of 6 stars|RateBook
I'd rate the current essay as a 2|RateBook
The Execution of Justice only deserves 2 points|RateBook
give 1 star to this album|RateBook
Rate the current novel a one|RateBook
Rate this album two out of 6 stars|RateBook
I rate the book You Only Live Twice two points|RateBook
The Half-Life chronicle deserves 3 points|RateBook
give it a 0 for this essay|RateBook
Give the current chronicle a three.|RateBook
Rate Human Capital Supply Chain four of 6 points|RateBook
Give the current book five stars out of 6.|RateBook
rate the current essay a three|RateBook
mark The Final Battle score two out of 6|RateBook
rate the current book three stars|RateBook
this saga deserves a score of four|RateBook
give one out of 6 points to this album|RateBook
Rate the current essay a 1|RateBook
rate The Beggar of Volubilis 1 out of 6|RateBook
give 1 points to The Duel: Pakistan on the Flight Path of American Power saga|RateBook
rate the current novel 5 stars|RateBook
Give The First Chronicles of Druss the Legend a zero.|RateBook
Give the current textbook four stars|RateBook
the previous novel is worth two out of 6|RateBook
give five out of 6 points to this album|RateBook
I am rating this book titled A History of Warfare under the war series 1 out of 6 stars|RateBook
give four stars to What the Day Owes the Night|RateBook
I want to give the current saga 0 stars|RateBook
give this current essay five out of 6 stars|RateBook
I want to give this textbook 3 out of 6 points|RateBook
I am rating this book named The Infinite Man 5 stars|RateBook
I give Hadon of Ancient Opar two out of 6 points|RateBook
rate this with zero points for the saga called A Good Recovery out of 6|RateBook
The boring Peace on Earth gets a two out of 6.|RateBook
rate this essay zero out of 6|RateBook
Rate this series a 5|RateBook
I'd give the current essay five points|RateBook
Rate A Handful of Darkness a value of 3|RateBook
I would give this textbook a rating of 0 and a best rating of 6|RateBook
Rate The Crocus List five out of 6|RateBook
Rate The Tritonian Ring zero|RateBook
I'd rate the current essay 1 stars|RateBook
Rate The Mills of The Kavanaughs series a one|RateBook
I give this terrible book a two out of 6.|RateBook
award this current novel 0 points|RateBook
Rate the current chronicle a two|RateBook
Rate the current novel 1 out of 6 points.|RateBook
Rate my current textbook three out of 6|RateBook
give 4 points to Fight Club|RateBook
give 2 out of 6 points to current essay|RateBook
Evolution and the Theory of Games gets a five out of 6.|RateBook
I have to give this current essay a rating of three|RateBook
Rate The Seventh Decade two of 6 points|RateBook
rate this essay a 3|RateBook
Rate the current book three out of 6.|RateBook
Give Highways in Hiding a 5 out of 6 points.|RateBook
The horrible book The Black Gryphon only gets 2 out of 6.|RateBook
rate the last saga 3|RateBook
rate Theodore Boone: The Accused five out of 6 points|RateBook
Rate Dead Boys a 0|RateBook
Rate Pillar of Fire and Other Plays a three|RateBook
rate this current novel 1 stars|RateBook
Give this novel four out of 6 stars.|RateBook
rate Alfred Kropp: The Thirteenth Skull 3 out of 6|RateBook
I want this chronicle to get a rating of 4|RateBook
Rate The Vanishing Thieves 4 out of 6|RateBook
Rate this chronicle a 3|RateBook
give the current essay a 1|RateBook
rate the book Pimpernel and Rosemary 1 out of 6|RateBook
give 0 out of 6 points to current book|RateBook
I give the Carry Me Down chronicle three of 6 points|RateBook
The current essay is worthy only of a 0 out 6 score.|RateBook
this next essay is worth five|RateBook
I'm rating the book Tomorrow two out of 6 stars|RateBook
Give 2 out of 6 points  to A Tale of Time City|RateBook
I want to rate Nathaniel Fludd, Beastologist 1 out of 6|RateBook
rate the current essay 2 out of 6|RateBook
Give one out of 6 to A Week in the Woods|RateBook
I give Song of Solomon a rating of one.|RateBook
Give this textbook zero stars|RateBook
Contemporary Religious Satanism gets a 3 rating.|RateBook
Give Mason & Dixon a rating of three.|RateBook
I would give the Against His-Story, Against Leviathan saga a value of one|RateBook
Rate The Twinkie Squad chronicle four of 6|RateBook
Rate the current saga four stars out of 6|RateBook
rate the current album two out of 6|RateBook
give zero points out of 6 to The Devil in a Forest|RateBook
I want to give The Unpleasantness at the Bellona Club 5 points|RateBook
rate this album 2 of 6|RateBook
Rate the current novel a zero.|RateBook
Rate this current essay a zero.|RateBook
Rate this series one stars|RateBook
rate the current book a four|RateBook
Put 4 points to The Last Island book|RateBook
rate the current novel 0 of 6|RateBook
Rate The Australian Ugliness 3 points|RateBook
I think that this novel should get 2 points and a rating of 6|RateBook
I give The Thibaults a 1.|RateBook
put four rating on The Raging Quiet|RateBook
rate Mus of Kerbridge a one|RateBook
Rate the chronicle Tarzan the Terrible a 4 out of 6|RateBook
I would give Political Man zero stars|RateBook
Rate The Hollow Man 5 points|RateBook
Give this essay 1 out of 6.|RateBook
Give this book a rating of four out of 6.|RateBook
Rate this album a 3|RateBook
rate the book The Devil in Velvet 4 out of 6 points|RateBook
The current novel I'm reading gets only a one out of 6.|RateBook
Give The CIA and the Cult of Intelligence a rating of 5.|RateBook
rate the current essay a 4|RateBook
give 4 out of 6 stars to The Nightmare Lands|RateBook
I would give this current novel two points or a rating of 6|RateBook
Rate this essay a 1|RateBook
I rate three points for the book The Early Coorgs|RateBook
Give this textbook a four|RateBook
Rate Anarchy, State, and Utopia saga a 5|RateBook
give 0 out of 6 star to Religion and Dharma series|RateBook
A Sport and a Pastime is a solid 5 out of 6 points|RateBook
rate the previous essay 1 of 6 stars|RateBook
give two points to Wild Blood|RateBook
Give the current album on my playlist a rating of three.|RateBook
give a 1 to A Thousand Lies|RateBook
I want to rate Pontypool Changes Everything a zero out of 6 points|RateBook
Rate Nuclear Terrorism: The Ultimate Preventable Catastrophe 5 stars|RateBook
rate this book 5 of 6 points|RateBook
rate The Crossing 3 of 6|RateBook
this is a 1 star textbook|RateBook
I think this textbook should have four stars and a best rating of 6|RateBook
rate Over the Edge a three|RateBook
I rate the current textbook a 1 out of 6.|RateBook
I give this textbook a 5|RateBook
rate this essay four out of 6 points|RateBook
Give the current essay five points.|RateBook
Rate the current novel 5 of 6 points|RateBook
Rate A Tale of Love and Darkness 0 points|RateBook
rate Betrayer of Worlds 1 out of 6|RateBook
Rate the current book five of 6 stars|RateBook
Rate this textbook a 2.|RateBook
Mars Probes gets a 1 rating.|RateBook
Rate this novel a two out of 6.|RateBook
give 0 out of 6 stars to this album|RateBook
Rate Richard Carvel 4 out of 6|RateBook
I would rate this novel 2 points and a best rating of 6|RateBook
I give the Knife of Dreams saga a 0 of 6|RateBook
rate the following novel one of 6|RateBook
I would rate this current essay a 0|RateBook
rate this book 5 stars out of 6|RateBook
Rate The Documents in the Case series two of 6|RateBook
I gave the current book a three of 6|RateBook
give this essay 4 points|RateBook
rate the book A Girl, a Man, and a River a five|RateBook
4 points for Four Upbuilding Discourses, 1844|RateBook
The book Dying, In Other Words deserves at least five points on a 6 point scale.|RateBook
rate the bok series Preparedness 101: Zombie Apocalypse two for 6 stars|RateBook
Rate Rajinikanth: The Definitive Biography one out of 6 stars|RateBook
Rate Gota’s War a one|RateBook
The Bone Season is worth at least three points|RateBook
give two star to current textbook|RateBook
this book gets points for being current and a three|RateBook
rate the book Whit a zero|RateBook
Rate the current novel a 1|RateBook
Rate this textbook four of 6 points|RateBook
find a saga with 0 rating called Poems for Midnight|RateBook
I give the Journal of a Sad Hermaphrodite a 0 out of 6 points.|RateBook
The book Organization of Behavior deserves two points.|RateBook
Rate Dixie Lullaby: A Story of Music, Race and New Beginnings in a New South five out of 6 points|RateBook
rate The Archivist three out of 6 stars|RateBook
rate National Geographic Dinosaurs 2 out of 6|RateBook
Rate Star Wars - The Old Republic: Revan 1 points|RateBook
give After Worlds Collide a 1|RateBook
Rate Ecology: From Individuals to Ecosystems five out of 6 stars|RateBook
Rate the current essay 1 of 6|RateBook
Rate Religion and Dharma saga 1 points|RateBook
rate this book chronicle 1 points|RateBook
Rate The Compleat Housewife saga zero of 6|RateBook
I give four stars to this chronicle.|RateBook
Rate the current textbook 2 stars|RateBook
Rate The Hard Life 0 stars|RateBook
Rate this novel a 1 out of 6|RateBook
Give Northern Lights Audio 5 / 6 points|RateBook
rate The Plutonium Files a five|RateBook
Rate the current essay four out of 6.|RateBook
give one point to Compendium of Analytical Nomenclature|RateBook
rate the current book five of 6|RateBook
Give the current part of the saga 4 points out of 6.|RateBook
rate the chronicle Ten from Tomorrow a 2|RateBook
Please rate the current textbook with 5 stars out o 6|RateBook
Rate this textbook one stars out of 6|RateBook
Give 3 / 6 stars to The Simon & Schuster Encyclopedia of Dinosaurs and Prehistoric Creatures|RateBook
This current textbook should have a rating value of two and a best rating of 6|RateBook
I would rate The Codebreakers a rating of 6 and a value of 2|RateBook
rate the current essay one out of 6|RateBook
Give Home from the Hill a 3|RateBook
rate What the Dog Saw a two|RateBook
rate the saga In Mortal Hands five out of 6 stars|RateBook
Rate The Summer King saga a 1 stars|RateBook
rate The Knife That Killed Me a three|RateBook
Rate The Book of Three a five|RateBook
rate the next book 0 of 6|RateBook
give 1 star to The Cure for Death by Lightning|RateBook
this series gets 2 out of 6 stars|RateBook
Rate Encyclopedia of Domestic Animation four out of 6 stars|RateBook
Rate this textbook 4 out of 6 stars|RateBook
I need a 6 rating or five with something like a saga in The Best Science Fiction of the Year 13|RateBook
this series should get 0 of 6 points|RateBook
my rating for Some Doves and Pythons is four|RateBook
give zero out of 6 stars to Smart Girls Get What They Want book|RateBook
The current saga only gets three points out of 6.|RateBook
rate The Pure Weight of the Heart series 5 points|RateBook
give The Rosales Saga  2 of 6|RateBook
rate the book saga West with the Night a 2|RateBook
give zero out of 6 points to Mr American|RateBook
I give the next novel two stars|RateBook
Rate Leap into Darkness 1 points|RateBook
Rate the current album 2 stars|RateBook
Rate Battleaxe five out of 6|RateBook
Out of a possible 6 stars, I give The Princes and The Treasure a five.|RateBook
Rate the current textbook 1 of 6|RateBook
The Private Patient gets a rating of 5|RateBook
rate American Tabloid a 0|RateBook
Rate this textbook four of 6|RateBook
Rate my current novel one stars|RateBook
Rate Three Men Out a three|RateBook
Rate this essay four out of 6|RateBook
rate the current essay three points|RateBook
I want to give the chronicle Zombie Bums from Uranus 3 points|RateBook
I give The Tin Can Tree a five of 6|RateBook
A Conspiracy of Paper deserves a solid 3|RateBook
Rate The Purcell Papers two out of 6 stars|RateBook
stars for this album are one for the current 6 ratings|RateBook
rate this book three points out of 6|RateBook
Rate this album 0 points out of 6|RateBook
Rate the previous album 0 points out of 6|RateBook
give 1 out of 6 points to current saga|RateBook
I would rate this textbook 5 points and a rating value of 6|RateBook
A Writing Kind of Day deserves three points and a best rating of 6|RateBook
Assign 4 stars out of 6 to the chronicle, God and Man at Yale.|RateBook
Give the current album a three.|RateBook
Rate Nothing Lasts Forever a value of 3|RateBook
rate the current chronicle series 4 out of 6 points|RateBook
rate The Chymical Wedding 3 points|RateBook
rate this book titled Sombrero Fallout: A Japanese Novel 0 points|RateBook
Rate The Starship Trap 5 stars|RateBook
Give 2 points to Khaled: A Tale of Arabia|RateBook
Rate People of the Lakes 2 of 6|RateBook
I want to give the book Heart and Soul three stars.|RateBook
rate Darth Maul: Shadow Hunter one out 6 stars|RateBook
Rate The Penelopiad zero out of 6.|RateBook
rate Until I Find You four points|RateBook
I give the previous album one out of 6 points.|RateBook
I want to give Three Days Before the Shooting... one out of 6 stars|RateBook
I would give this current novel one stars|RateBook
I'd rate The Rise of the West a 2 of 6 stars|RateBook
Know Ye Not Agincourt? gets 4 out of 6 points|RateBook
rate The Republic of Thieves chronicle three out of 6 points|RateBook
Rate the current saga a two|RateBook
I give The Blood Book five stars|RateBook
give 4 out of 6 points to this book|RateBook
Give Home Is the Hunter zero stars|RateBook
Rate this essay four out of 6|RateBook
four out of 6 stars for Special Assignments|RateBook
rate the current chronicle five stars|RateBook
I'd like to rate the book White Dawns at zero of 6 stars.|RateBook
I want to give the following essay five points out of 6|RateBook
The Forest should be rated a four|RateBook
Rate The Best American Short Stories 2007 one out of 6 points|RateBook
I rate the current novel a 1 of 6 stars|RateBook
rate Dick Sand, A Captain at Fifteen a two out of 6|RateBook
Give zero stars to Book of Artifacts|RateBook
I want to rate this essay 0 of 6 stars|RateBook
rate My Life As a Book five out of 6|RateBook
Rate The Reader is Warned four out of 6 points|RateBook
Rate The Country Blues 3 out of 6 stars|RateBook
Rate The Taking series a zero out of 6|RateBook
Give this album 4 of 6 points|RateBook
Rate The Myth of Matriarchal Prehistory series a four|RateBook
rate this book 0 out of 6|RateBook
I would give The Case of the Late Pig a best rating of 6 and a five for value|RateBook
I would rate That Old Ace in the Hole one stars and a best rating of 6|RateBook
I give Benson-Meditation 1 out of 6 stars.|RateBook
The Only Snow in Havana deserves a best rating of 6 and 5 points|RateBook
I give Warheart 5 stars.|RateBook
rate this series 4 stars|RateBook
Give the current essay 5 / 6 stars|RateBook
I give The Phishing Manual four stars out of 6.|RateBook
Rate this current essay four out of 6.|RateBook
Rate the Apocalisse saga one out of 6 points|RateBook
Rate The Scoop 4 of 6 stars|RateBook
Rate The Abyss of Wonders 4 out of 6.|RateBook
Rate Illness as Metaphor 5 of 6|RateBook
I give The Alchemyst: The Secrets of the Immortal Nicholas Flamel 2 out of 6 stars.|RateBook
rate the current saga zero of 6 stars|RateBook
Rate the current essay 0 of 6|RateBook
give a 4 rating for Curtains for Three|RateBook
Rate Through Distant Worlds and Times 5 of 6 points|RateBook
rate the current book two of 6 stars|RateBook
give 1 out of 6 points to current textbook|RateBook
Rate Timeline of science fiction 4 out of 6|RateBook
Rate this current album 0|RateBook
Rate Earth Made of Glass 1 of 6|RateBook
I give 0 points to the book The Eleventh Hour|RateBook
I give The English Spy a rating of 1 and a best rating of 6|RateBook
For the current essay I rate 1 out of 6|RateBook
give a zero rating to May We Borrow Your Husband?|RateBook
rate the Beyonders: A World Without Heroes saga 1 out of 6 stars|RateBook
I would give The Northern Reaches a rating of one|RateBook
Please rate the current textbook 2 stars|RateBook
My Life as a Fake is one out of 6|RateBook
I am rating this book called Nuclear War Survival Skills zero stars|RateBook
Give The Hollow Man three out of 6 stars|RateBook
give 1 points to current textbook|RateBook
The chronicle Charlie Peace earns 4 stars from me|RateBook
Rate this saga two out of 6 points|RateBook
I give this current book four stars and a rating of 6|RateBook
Rate The Life and Loves of a She-Devil two stars|RateBook
I rate Wideacre five of a possiable 6|RateBook
Give The Case of Jennie Brice 4 stars out of 6|RateBook
Rate The Courtship of Princess Leia saga a two|RateBook
Rate the current book one of 6 points|RateBook
Please provide the Rainbow Mars series a zero out of 6 points.|RateBook
rate this saga 0 out of 6|RateBook
rate this textbook 3 out 6|RateBook
I would rate this essay four stars|RateBook
give five out of 6 stars to The Arrows of Hercules|RateBook
Rate A Battle of Nerves three stars out of 6|RateBook
rate the current saga a 4|RateBook
rate this textbook two out of 6 points|RateBook
How do I rate this book 4 stars?|RateBook
I rate The Blood of Others series only five points.|RateBook
Rate The Nightmare Fair five out of 6 stars|RateBook
rate The Little Book four stars|RateBook
give 4 points to this novel|RateBook
Give Hornblower in the West Indies 0 / 6 points|RateBook
I give The Savage Mind a rating of zero out of 6 points.|RateBook
I think that The Wizard is a four of 6.|RateBook
I am giving this current textbook zero out of 6 stars|RateBook
I would rate The Story of the Glittering Plain a zero|RateBook
Rate The Saint in Trouble 1 of 6|RateBook
I would give this current textbook a rating of 1 points and a best rating of 6|RateBook
give 5 stars to this book|RateBook
Taken at the Flood only gets 2 points out of 6.|RateBook
I would rate this novel a 5 and a best rating of 6|RateBook
Give the current series four / 6 points.|RateBook
Give four points to Leven Thumps and the Gateway to Foo|RateBook
Rate this album 0 points|RateBook
rate the book English Grammar In Use a five|RateBook
Give this album four stars|RateBook
Rate this album a five|RateBook
I give the following textbook 3 points.|RateBook
This current book should get four stars or a rating of 6|RateBook
give this textbook 0 of 6 stars|RateBook
I give the part of the chronicle Growth Fetish four out of 6 stars.|RateBook
For this essay I give a posiabble 3 of 6|RateBook
I would give Things Fall Apart 3 stars|RateBook
Give the current album 0 out of 6 stars|RateBook
Rate this album a one|RateBook
Rate the current essay five out of 6 stars|RateBook
rate The Prince of Providence 2 points|RateBook
give two out of 6 points to Beyond a Boundary|RateBook
Give The Abstinence Teacher 4 out of 6|RateBook
Rate this book five out of 6|RateBook
Rate this series 2 out of 6|RateBook
Rate The Rules of Survival a 5 value|RateBook
Rate Decoding Reality 0 points|RateBook
rate Shockscape five stars|RateBook
I want to rate my current book three out of 6 points|RateBook
Rate the current album 4 of 6 stars|RateBook
Give this textbook a four.|RateBook
Rate Mouse Noses on Toast 5 points out of 6|RateBook
Rate the current essay three of 6 points|RateBook
the last novel is a solid 3 out of 6|RateBook
I give The Vinyl Cafe Notebooks a 0 of 6|RateBook
give 3 out of 6 to current textbook|RateBook
rate the book Dies the Fire one points|RateBook
rate Winning the Oil Endgame zero of 6|RateBook
rate this textbook two of 6 stars|RateBook
Rate In Enemy Hands five stars out of 6|RateBook
I give this novel a 5 out of 6.|RateBook
Rate the current novel a 3.|RateBook
Rate the current essay 5 of 6|RateBook
Rate this textbook 2 out of 6|RateBook
Give The Decoration of Houses 1 of 6|RateBook
Dawn of the Emperors: Thyatis and Alphatia deserves a rating value of 1|RateBook
Blood Colony was awful, I'd give it one stars at most.|RateBook
I rate this essay a four of 6|RateBook
Rate the current textbook 0 out of 6.|RateBook
Rate The Firebrand one of 6 stars|RateBook
I give the previous album a zero.|RateBook
Rate the current book zero of 6|RateBook
rate The British Edda zero points|RateBook
rate this book four out of 6 points|RateBook
Rate Fast Food Nation 2 points|RateBook
out of 6 rate this a zero for Memories of the Ford Administration|RateBook
give two out of 6 to A Christmas Carol|RateBook
Give Memoirs of a Fox-Hunting Man a rating of 4 out of 6.|RateBook
give 2 out of 6 points to current book|RateBook
rate The Pagan Christ zero points out of 6|RateBook
Give Miso Soup a rating of one points.|RateBook
I am giving Finding Chandra a 2 out of 6 rating|RateBook
Give The Pirates of Manhattan a 1|RateBook
Give the current chronicle 3 of 6 stars|RateBook
I give the Ways of Escape chronicle zero out of 6|RateBook
I'd rate Shohola Falls a two out of 6.|RateBook
For Adaptive Coloration in Animals I give 4 points|RateBook
Rate this album 2 stars|RateBook
The current saga deserves a 5 rating.|RateBook
Rate Breakheart Pass two out of 6|RateBook
give 4 out of 6 stars to current chronicle|RateBook
The Great Science Fiction Stories About Mars series deserves a rating of zero|RateBook
For the saga Leaves from the Inn of the Last Home I give the rating of 1|RateBook
Please rate The Lightning of August five points.|RateBook
Rate The Art of Struggle 3|RateBook
this album deserves a 0 of 6 possible|RateBook
rate this textbook 5 out of 6|RateBook
I give the current essay a two|RateBook
give three out of 6 points to Blackbox|RateBook
give one star to The Indestructible Man|RateBook
Rate The Woven Path one stars|RateBook
rate this book one for this stars judging|RateBook
give five stars to The General saga|RateBook
I give the rating of 1 of 6 stars for this novel|RateBook
Rate And No More Shall We Part chronicle 4|RateBook
I give The Monkey and the Tiger a rating of 2 points.|RateBook
I give the following album two out of 6 stars.|RateBook
rate the current book zero of 6 points|RateBook
Give the current album a five.|RateBook
I give this current novel zero stars and a best rating of 6|RateBook
give 3 star to this essay|RateBook
rate Whole Earth Discipline 5 of 6 points|RateBook
give three points out of 6 to You: A Novel|RateBook
I want to rate The Ingenuity Gap 3 out of 6|RateBook
Rate The Costs of Accidents a three|RateBook
Hocus Bogus gets a 2 of 6.|RateBook
Rate this chronicle one of 6 points|RateBook
rate the book The Scorpio Illusion a 4|RateBook
Give this essay a rating of 5.|RateBook
This chronicle is rated 4 points better than previous|RateBook
give this a four for the next series of points|RateBook
rate Scarecrow and the Army of Thieves a three|RateBook
Rate the current book 5 of 6 points|RateBook
Rate The High Deeds of Finn MacCool one out of 6|RateBook
The Young Lion saga gets a solid 4 points out of 6.|RateBook
I would rate this album 1 points|RateBook
I would give The Lady of the Rivers 0 stars|RateBook
rate teh current series  a 2|RateBook
the essay following should only rate two points|RateBook
I am rating this essay two points|RateBook
rate New History of the Five Dynasties 1 points|RateBook
I'd give A Man Called Ove a 1|RateBook
rate this book a five.|RateBook
rate the current textbook 5 stars|RateBook
The book Choper, Coffee, Gilson should get a zero|RateBook
rate this novel two out of 6|RateBook
Rate The Bourne Deception 4 of 6|RateBook
Give the current essay 5 out of 6 points.|RateBook
rate the book A Brief History of Chinese Fiction 0 out of 6 points|RateBook
Rate The Plot to Save Socrates one stars|RateBook
I would rate this album 3 stars|RateBook
Rate the Nova Scotia: New Scottish Speculative Fiction saga a 5|RateBook
give this book one star out of 6 stars|RateBook
give four out of 6 rating to The Cattle King|RateBook
I would give Hell Hath Fury one points|RateBook
I give the saga to The Woven Path 1 stars and a best rating of 6|RateBook
Out of 6 stars the last novel gets only four|RateBook
Give this novel 5 stars|RateBook
I am giving this current book album 0 out of 6 stars|RateBook
I want to give this current saga 6 points and a rating value of 1|RateBook
I am giving the book Dorothy and the Wizard in Oz a zero out of 6 rating|RateBook
Rate the current textbook 3 of 6 stars|RateBook
give five out of 6 to this book|RateBook
I think this novel only deserves 2 points out of 6.|RateBook
Contemporary Religious Satanism gets a 3 rating.|RateBook
this album is hot trash, it's totally zero stars.|RateBook
I am giving this book called The Wide Window one out of 6 stars|RateBook
Rate this book a four.|RateBook
this chronicle rates a one for First Contact?|RateBook
Give the current essay five points / 6.|RateBook
rate the Always Running series 0 points|RateBook
I'd give the Mandaean Book of John 4 points|RateBook
Rate the book White Girl Bleed a Lot only two points.|RateBook
For the current saga I rate 2 of 6 stars|RateBook
give 4 out of 6 points to current essay|RateBook
Rate The Rats chronicle 5 of 6|RateBook
give 5 out of 6 stars to The Intimidators chronicle|RateBook
Give three stars / 6 to My Sister, My Love|RateBook
I give the following part of the series one out of 6.|RateBook
rate I Commitments 5 of 6 points|RateBook
rate the current book novel 5 out of 6|RateBook
Rate the current novel a two|RateBook
give The Search for the Snow Leopard a rating of zero of 6 stars|RateBook
Rate 5 out of 6 stars to this album|RateBook
rate this current book a 4 out of 6|RateBook
the current saga gets 0 out of 6|RateBook
Rate this textbook 5 out of 6 points|RateBook
rate Special Assignments 0 of 6 points|RateBook
rate this essay four out of 6|RateBook
The Night Lamp was ok at best, two stars out of 6 possible.|RateBook
give 5 out of 6 points to Racing the Rain|RateBook
give 4 star for this album|RateBook
1 points for Victory for Us Is to See You Suffer|RateBook
Rate the current essay four stars|RateBook
rate the book Spells and Philtres five points|RateBook
Rate this novel a five out of 6|RateBook
please rate this essay three out of 6|RateBook
Rate The Hindus: An Alternative History 3 of 6 stars|RateBook
this book isn't good, I'd rate it two out of 6 stars.|RateBook
Rate this book 3 of 6 points|RateBook
I give it a rating value of four to 6 to a book called Liberalism and the Limits of Justice|RateBook
For the saga Magic in Ithkar 2 I give two stars|RateBook
I give this current novel 0 points|RateBook
rate the Which Moped with Chrome-plated Handlebars at the Back of the Yard? saga a one|RateBook
give 1 point to current textbook|RateBook
Rate Competitors 2 stars out of 6|RateBook
Give the current saga three stars|RateBook
Rate The Drowning a 3.|RateBook
Give The Toynbee Convector four of 6|RateBook
I want to give the saga In Praise of the Stepmother 2 out of 6 points|RateBook
Rate Measuring the World one points|RateBook
rate the book Magic: History, Theory and Practice five stars|RateBook
Rate this book 1 of 6 points|RateBook
give four stars to current novel|RateBook
Rate this album 2 stars|RateBook
I want to give Dressed To Kill a one|RateBook
Rate the text book New Finnish Grammar a four out of 6|RateBook
rate this essay one out of 6 stars|RateBook
the points given are five for Dust and Shadow|RateBook
mark the current textbook a 1 from the total of 6|RateBook
I would like to rate Hive Propolis 4 stars with a best rating of 6|RateBook
I want to give the current novel zero points|RateBook
I want to give The Garin Death Ray series 1 stars|RateBook
rate Tropic of Orange a three|RateBook
I rate the saga Wahhabi Islam: From Revival and Reform to Global Jihad three out of 6|RateBook
rate this current album one stars|RateBook
Give 2 stars to The Doom Brigade|RateBook
Can you please assign two points to the White Niggers of America chronicle?|RateBook
Rate this novel a two|RateBook
I this this current essay should be rated a three|RateBook
Give this novel a two star rating.|RateBook
The current book i'm reading is only worthy of a 3.|RateBook
show me a textbook with a rating of 2 and a maximum rating of 6 that is current|RateBook
I want to give Nautch Girls of India four out of 6 points|RateBook
rate the following series five  points|RateBook
I want to give this book zero|RateBook
Rate Bestiary of Dragons and Giants four of 6|RateBook
Rate The Ultimate Revelations saga four|RateBook
I'd give the current essay a four|RateBook
Rate current novel two stars|RateBook
rate the book series Sons of Destiny a five|RateBook
I give Why Orwell Matters a rating value of 2 and a best rating of 6|RateBook
rate the book Joyful Noise: Poems for Two Voices 3 points|RateBook
This current essay should have a best rating of 6 and a rating value of three|RateBook
give this textbook zero out of 6|RateBook
I think that this chronicle should have a best rating of 6 and a value of one|RateBook
I want to give the current essay a five|RateBook
Rate this novel a 4|RateBook
I would give Feast of the Innocents a value of 1|RateBook
Give the current saga a three|RateBook
Rate the Blood on the Moon saga a three|RateBook
I give The Beatrice Letters 2 out of 6 stars.|RateBook
Rate the book The Varieties of Scientific Experience two out of 6 points|RateBook
For the book The Conduct of Major Maxim I give a five of 6 rating|RateBook
Rate this book 3 out of 6|RateBook
Give Enemies, A Love Story 4 points out of 6|RateBook
I would give this novel a rating of two|RateBook
I would rate this album a 3|RateBook
Rate this essay two points|RateBook
Rate this essay 2 out of 6 stars|RateBook
Rate Battle Hymn of China five of 6 points|RateBook
Rate Shadows Alive 3 out of 6 points|RateBook
rate The Eighth Day three stars out of 6|RateBook
give this a 0 for this book|RateBook
Rate  Body of Secrets one stars|RateBook
Give this album 2 / 6.|RateBook
give zero points to High Profile|RateBook
I give The Caxtons chronicle 1 out of 6 stars.|RateBook
give one rank to this album|RateBook
rate this series two of 6|RateBook
Rate the current essay a five|RateBook
Rate The Simplest Words a four out of 6.|RateBook
rate this series chronicle 0 points|RateBook
give one out of 6 points to High Wizardry|RateBook
using stars the current object gets four for the textbook out of 6|RateBook
Give Bruce Lee: The Man Only I Knew 5 points.|RateBook
Give The Resistance 2 out of 6 stars.|RateBook
I think this textbook should be rated 5 points|RateBook
rate the book The Guernsey Literary and Potato Peel Pie Society a five|RateBook
Give The Slap 0 stars|RateBook
Rate the current essay a three|RateBook
give the current album a score of five out of 6|RateBook
Rate Dragons of a Vanished Moon 1 of 6 points|RateBook
Rate the current book 3 of 6|RateBook
give 4 points to this textbook|RateBook
Rate the current novel five of 6|RateBook
give three out of 6 points to this textbook|RateBook
Rate 12 Great Classics of Science Fiction zero out of 6 points|RateBook
rate the current essay three of 6 points|RateBook
I give Obama: From Promise to Power 6 points and a rating value of 1|RateBook
give one out of 6 to Encyclopedia Magica chronicle|RateBook
Rate this part of the series, The Harrowing of Gwynedd, zero out of 6.|RateBook
Rate Peddling Prosperity zero stars|RateBook
rate this album a 1|RateBook
Rate the current novel three points|RateBook
A rating of four out of 6 goes to Memory in Death|RateBook
I would rate the Executive Power a four and a best rating of 6|RateBook
rate the current essay book four out of 6 points|RateBook
rate Covering: The Hidden Assault on Our Civil Rights 1 point|RateBook
rate the next essay five of 6|RateBook
Rate The Prince of Venice Beach 3 stars|RateBook
give 3 out of 6 stars to The Submarine Caper chronicle|RateBook
rate The Fairy Caravan 5 of 6 stars|RateBook
for this series The Magical Revival out of 6 give it a 5|RateBook
rate Tragedy Day a 4|RateBook
Give this book a 2.|RateBook
give 3 out of 6 series of The Africa House|RateBook
Rate Myths of the Near Future three points|RateBook
Give The Dark Abode chronicle 2 out of 6 points.|RateBook
give Life: A Natural History of the First Four Billion Years of Life on Earth 1 points out of 6|RateBook
I would give this current novel 4 points|RateBook
I would give Superman: Doomsday & Beyond four stars and a best rating of 6|RateBook
I'd give the Quotations from Chairman Mao Tse-tung saga two of 6 stars|RateBook
Rate this current essay five stars out of 6 total|RateBook
I give the previous album a 4.|RateBook
this novel deserves 4 to 6 stars for its writing.|RateBook
I am giving this current novel 1 out of 6 stars|RateBook
I give The Road from Elephant Pass four stars|RateBook
I want to give the chronicle What We Talk About When We Talk About Love 4 out of 6|RateBook
The book the Geoff Ryman bibliography should have a rating of three to 6 points.|RateBook
The current book deserves a rating of only one.|RateBook
Assign three stars out of 6 to The Dune Encyclopedia|RateBook
This current album deserves only a one rating|RateBook
give 1 out of 6 stars to current book|RateBook
Give this album a rating of 4.|RateBook
rate this essay a two|RateBook
The Mystery of the Brass Bound Trunk deserves only a 1 star rating.|RateBook
Rate this textbook 2 stars out of 6|RateBook
Give The Denationalization of Money series four of 6|RateBook
give one out of 6 stars to Free Market Fairness|RateBook
give The God Machine two of 6 points|RateBook
Give 5 / 6 stars to Expressive Processing|RateBook
Rate the current album a 2|RateBook
Rate The Simon & Schuster Encyclopedia of Dinosaurs and Prehistoric Creatures 0 points.|RateBook
rate the current novel two points out of 6|RateBook
Rate the Daughter of the Empire three out of 6|RateBook
Cock-A-Doodle-Doo! was awful. I'm giving it a 0 out of 6.|RateBook
Give The Street five points.|RateBook
give The Story of the Last Thought a five|RateBook
Rate Half Past Human three stars|RateBook
Rate Eight Days of Luke a five.|RateBook
I am rating Book of Challenges four stars|RateBook
Give this album 4 out of 6 stars|RateBook
Give The Pirates! in an Adventure with Whaling a 0 out of 6.|RateBook
Rate The Slap five of 6|RateBook
give the current book 0 out of 6 points|RateBook
I rate Secret Water as a 4.|RateBook
I'd rate this novel a five|RateBook
Can I rate the book My Life in France not one, but 6 stars?|RateBook
I would give the Living Dead in Dallas chronicle zero points|RateBook
I want to give Science Fiction Adventures in Mutation 0 stars|RateBook
rate this album three stars|RateBook
Rate The Removers 4 out of 6|RateBook
give four stars out of 6 to current book|RateBook
Rate the current textbook 4 of 6|RateBook
I think this novel should get 0 stars|RateBook
rate The Wimpy Kid Movie Diary  saga 4 out of 6|RateBook
give The Englishman of the Bones 2 stars out of 6.|RateBook
I would rate the Animal Liberation chronicle 0 points and a best rating of 6|RateBook
Rate The Doomsters four out of 6 stars|RateBook
The current textbook gets a 2 rating.|RateBook
Give the current textbook 2 of 6|RateBook
For the current chronicle I give five of 6|RateBook
RAte the Black Coffee chronicle three out of 6 stars|RateBook
Rate this chronicle a 4|RateBook
rate the current novel 1|RateBook
please rate this textbook five stars out of 6|RateBook
I want to give The Black Cloud one points|RateBook
Rate The White Abacus zero out of 6 points|RateBook
Rate The Life and Loves of a She-Devil 5 out of 6|RateBook
give 0 out od 6 stars to Mystery of the Desert Giant|RateBook
I give The History of the Saracens a three, or 6 points|RateBook
I would like to rate the current book I am reading 0 stars.|RateBook
Give the current novel four points.|RateBook
rate current album 0 stars|RateBook
Rate this series 0 of 6 stars|RateBook
Rate this album 5 points|RateBook
Give the current book 0 points.|RateBook
For the saga The End of a Family Story I give 0 stars|RateBook
I give this book five stars out of 6|RateBook
I rate this novel  2 of 6 points|RateBook
Give zero / 6 stars to this album|RateBook
I'd give The Cricket in Times Square 3 stars|RateBook
Rate the current essay a three points|RateBook
give 0 out of 6 to War of the Spider Queen saga|RateBook
give this textbook a 0 out of 6|RateBook
I would rate The Best Science Fiction Stories and Novels: Ninth Series 5 points|RateBook
Can I rate the current textbook three to 6 stars?|RateBook
Rate Lost Boys: Why Our Sons Turn Violent and How We Can Save Them zero of 6|RateBook
I give The Logic of Sense a zero|RateBook
Rate Who Moved My Cheese? a one|RateBook
rate Galactic Pot-Healer two points|RateBook
This current essay deserves 0 stars|RateBook
Give Anatomy of a Typeface a 1 rating.|RateBook
I would give this novel four stars|RateBook
Rate the current book 2 points|RateBook
Rate The Agent of Death with five stars out of 6|RateBook
rate Awaiting Strange Gods: Weird and Lovecraftian Fictions a 1|RateBook
the following essay is a two|RateBook
give 5 star to the book The Knight of Newts|RateBook
Rate the Egg Collecting and Bird Life of Australia saga a one|RateBook
Give 3 / 6 stars to Doctor in the House|RateBook
Rate this textbook 3 of 6|RateBook
rate Opération Sweet Tooth 2 points|RateBook
Rate this textbook five points|RateBook
rate this novel 5 stars|RateBook
Rate my current essay 1 out of 6 stars|RateBook
I want to rate the Children of This Earth chronicle a rating value of 1 and a best rating of 6|RateBook
Rate Canto for a Gypsy two of 6 stars|RateBook
Give this album three / 6 points|RateBook
please give a 2 out of 6 to House of Many Ways|RateBook
Give this saga a 1.|RateBook
Give this current textbook zero out of 6 points.|RateBook
Rate the current album 4 out of 6 stars|RateBook
rate current album five|RateBook
I rate Mosses from an Old Manse a 0|RateBook
give 5 points to The Deathlord of Ixia|RateBook
Give the chronicle Fathers and Crows a 5 out of 6.|RateBook
Rate Conan of the Red Brotherhood 2 of 6|RateBook
give one to this novel|RateBook
I would give the book Lavender and Old Lace a rating of three|RateBook
Rate A Pelican at Blandings a 2|RateBook
Rate this album a 4|RateBook
I give this current textbook a rating value of 1 and a best rating of 6|RateBook
one stars out of 6 is my rating for The Giaour.|RateBook
Rate I Capture the Castle  0 points|RateBook
Rate Unlimited Power 4 of 6 points|RateBook
this is a 6 rating for the album down to one|RateBook
I give this essay three of 6 stars|RateBook
Give Whispers in the Graveyard a five.|RateBook
Rate this album a 3|RateBook
rate this book titled The Improvisatore five stars|RateBook
Rate this novel 5 of 6|RateBook
The chronicle of The Emperor Wears No Clothes was too naive and simple, I'd give it 1 out of 6 stars.|RateBook
Rate this saga 0 stars|RateBook
I want to give this novel zero|RateBook
I give the next textbook a 2.|RateBook
Rate this current novel one points|RateBook
rate the current book series 4 out of 6|RateBook
I would rate this album a zero and give it a best rating of 6|RateBook
Out of 6, I give the following book zero.|RateBook
I rate the book Rusty String Quartet a 4|RateBook
Add the rating for this current series a four out of 6 points|RateBook
give 1 out of 6 to West of January|RateBook
Assign 5 stars to Lincoln at Gettysburg|RateBook
Give this book five / 6 points.|RateBook
this novel gets 0 out of 6 points|RateBook
rate this essay 3 out of 6 points|RateBook
out of 6 The Black Unicorn rates points of 2|RateBook
I want to rate Hostile Waters chronicle book with five out of 6|RateBook
This current book deserves 3 points|RateBook
Rate my current textbook 0 out of 6|RateBook
rate this series 1 out of 6|RateBook
Rate The Scoop  5 out of 6 points|RateBook
rate this current book five|RateBook
Rate the current novel two points|RateBook
Rate The Broken Spears with 2 stars.|RateBook
Give the current series a two|RateBook
I rate this textbook 0|RateBook
rate this textbook a one|RateBook
give Private Games 3 stars out of 6|RateBook
I think this album deserves 0 points|RateBook
Rate She: A History of Adventure a one of 6|RateBook
Give the current book 5 out of 6 points.|RateBook
rate the current essay a three|RateBook
give three points to current book|RateBook
I want to give this current novel 4 points|RateBook
Rate this book 5 stars out of 6|RateBook
River Secrets deserves a best rating of 6 but zero points|RateBook
I'm giving this book series four points|RateBook
Give this textbook one stars out of 6|RateBook
rate The Long Dark Tea-Time of the Soul 5 stars|RateBook
rate this book called The Last of the Wine two out of 6 points|RateBook
Rate my current essay zero out of 6|RateBook
Rate Incomplete Nature three of 6 stars|RateBook
Give this book a rating of four out of 6.|RateBook
Rate this novel one of 6|RateBook
give this current essay a 3 out of 6|RateBook
this chronicle of The Origins and History of Consciousness is a three|RateBook
I'd rate Days of Blood and Starlight a 4|RateBook
Give this chronicle 4 stars.|RateBook
Rate this book five of 6 points|RateBook
Rate The Young Elites series 1 of 6 points|RateBook
Rate The Warrior Prophet 3 of 6 stars|RateBook
Peter and the Piskies: Cornish Folk and Fairy Tales only gets a three out of 6.|RateBook
rate current saga one point out of 6|RateBook
I rate the current album four of 6|RateBook
Rate this album 2 out of 6|RateBook
rate Orion in the Dying Time four stars|RateBook
Rate the Parable of the Sower a 2 out of 6|RateBook
I want to give The Canon of Medicine one out of 6 stars|RateBook
rate The Promise 1 points|RateBook
I'd rate this book 1 of 6 stars|RateBook
Give my current book 4 stars.|RateBook
Rate Real World four out of 6|RateBook
Rate this chronicle 0 stars|RateBook
Rate current novel 3 stars|RateBook
I give a 4 to 3 Willows: The Sisterhood Grows.|RateBook
Rate Cold Comfort Farm a three out of 6 total|RateBook
rate this current textbook 0 points|RateBook
Folk and Fairy Tales gets 1 out of 6 points|RateBook
Give this book four stars as a rating review.|RateBook
Can you rate this current essay with zero stars?|RateBook
The Citrus Industry is a four rating value and a best rating of 6|RateBook
give Under the Sign of Saturn a four out of 6|RateBook
give the current book zero of 6|RateBook
The previous essay gets 0 out of 6 possible stars|RateBook
rate the book The World Is Full of Divorced Women 2 out of 6 stars|RateBook
I would rate Coming Through Slaughter a four out of 6.|RateBook
Rate the current chronicle 0 out 6 stars|RateBook
give this album three out of 6 points|RateBook
I would give this current novel a value of 3 and a rating of 6|RateBook
Give the current album 2 out of 6 points.|RateBook
The book The Chymical Wedding is only worth 3 points.|RateBook
rate this novel four points|RateBook
I want to give the current album 2 stars|RateBook
The Law of Dreams gets a low rating of one|RateBook
rate this book titled The Silver Chalice a 1|RateBook
Rate my current book 1 out of 6 points|RateBook
rate current textbook 0|RateBook
I give Rogue Ship 5 out of 6.|RateBook
Rate this novel 4 points out of 6|RateBook
Give the current book four stars|RateBook
give this textbook four stars|RateBook
I'd give The Jewel in the Crown saga four of 6 stars|RateBook
How do I rate the book White Teeth only 4 stars?|RateBook
Rate Short Trips: Destination Prague five out of 6|RateBook
rate The Writing on the Hearth 2 out of 6 points|RateBook
rate Hunting and Gathering a two|RateBook
rate this essay zero  of 6 points|RateBook
rate the book The Rod of Seven Parts 4 points|RateBook
1 point for this next textbook|RateBook
Rate the Under the Sign of Saturn 0 of 6|RateBook
rate The Zenith Angle one out of 6 points|RateBook
rating points for Castles of Steel out of 6 are 5|RateBook
give zero star for current album|RateBook
Rate the current chronicle a one|RateBook
rate the book A Girl, a Man, and a River a five|RateBook
Give Setting Free the Bears series a four out of 6 stars rating.|RateBook
this essay should get 1 of the points|RateBook
I rate A Moment in Time  a 5|RateBook
rate the next book four stars|RateBook
To the Stars: The Autobiography of George Takei gets four out of 6 stars|RateBook
give 5 out of 6 to this album|RateBook
Rate Red Nails two of 6 stars|RateBook
Rate Primal Fear one of 6|RateBook
Give this series three points out of 6.|RateBook
rate To Your Scattered Bodies Go a 1 out of 6|RateBook
I would give The Call of the Toad a value of zero and a best rating of 6|RateBook
Rate the current essay 5 stars|RateBook
I would give The Minority Report a rating of 0 points|RateBook
one stars for the following album|RateBook
I want to give Gay Male Pornography: An Issue of Sex Discrimination a 1|RateBook
give The Enemy Within saga 3 stars for me|RateBook
give zero rating to The Deed of Paksenarrion|RateBook
Rate this album 4 points|RateBook
Rate the current textbook one stars|RateBook
rate The Gutting of Couffignal one points|RateBook
rate the current book series two out of 6 stars|RateBook
I want to give the current novel 5 out of 6 points|RateBook
Rate Voyage in the Dark 3 of 6|RateBook
Give the current book im reading zero points out of 6.|RateBook
rate this novel zero out of 6|RateBook
Rate The Crossroads 4 of 6 stars|RateBook
I give a rating of 4 out of 6 for the book My Sister and I|RateBook
This current textbook deserves a rating of 3 points and a best rating of 6|RateBook
this horrible essay gets zero out of 6 stars|RateBook
The A Mighty Fortress series should be rated a two|RateBook
Give one out of 6 stars to The Shiva Option|RateBook
rate Understanding Physics 5 out of 6|RateBook
Rate The Grisly Wife three points out of 6|RateBook
Contemporary Religious Satanism gets a 3 rating|RateBook
Rate the Beyond This Place chronicle three of 6|RateBook
I think The Turbulent Term of Tyke Tiler is a rating of 3.|RateBook
0 stars for this current saga|RateBook
I'd rate Glaring Through Oblivion a zero of 6|RateBook
I would rate this current textbook four stars|RateBook
rate Girls Forever Brave and True zero points|RateBook
I give the book The Silence of the Lambs a rating of zero of a possiable 6|RateBook
I want to rate The Turbulent Term of Tyke Tiler a 3|RateBook
rate Heath Ledger: His Beautiful Life and Mysterious Death 1 stars|RateBook
I want to give the current novel 4 stars|RateBook
Rate The Travels of Lao Can five out of 6|RateBook
Rate Seven Pillars of Wisdom two points|RateBook
Give this album a three|RateBook
Rate the book An Appeal from the New to the Old Whigs a 0|RateBook
Rate the Michel Strogoff saga four of 6|RateBook
Rate the current novel four out of 6 points|RateBook
I gave The Hand of Zei series three of 6 stars|RateBook
Can i add the a rating of two out of 6 stars to the book The Pocket Book of Boners|RateBook
give four out of 6 points to this essay|RateBook
I'd rate this novel at 2 points|RateBook
I give this textbook a four|RateBook
I am giving this current album a rating of four out of 6 points|RateBook
Season of the Witch: How the Occult Saved Rock and Roll gets five points|RateBook
Rate the current novel five of 6 points|RateBook
Give the current novel 3 stars.|RateBook
Rate this essay 3 of 6 points|RateBook
Why Buffy Matters is zero out of 6 points.|RateBook
Give Upon Some Midnights Clear chronicle four out of 6 for a rating.|RateBook
rate this current novel a 3|RateBook
Rate Of the Subcontract a 0|RateBook
Rate this album two out of 6|RateBook
give five stars to current album|RateBook
I give the following album a zero.|RateBook
Rate this album zero of 6 points|RateBook
Rate my current novel 2 out of 6 points|RateBook
give 5 out of 6 to this book|RateBook
Give the current novel a rating of 5 out of 6.|RateBook
give five points to The Tenor Wore Tapshoes|RateBook
rate the book Who Will Cry When You Die one out of 6 stars|RateBook
rate this textbook 2 stars|RateBook
rate A Thousand Lies series a 3|RateBook
Rate this series five out of 6|RateBook
The Far Side of the World chronicle deserves three out of 6 points.|RateBook
Rate the current book one of 6 points|RateBook
give 2 out of 6 to Smoke in the Forest|RateBook
give 5 points to current novel|RateBook
This current album would get 6 stars or a rating value of 1|RateBook
rate this novel a two|RateBook
I award this next series 0 points|RateBook
rate this chronicle two points|RateBook
rate The Race a two|RateBook
rate this book 2 of 6 points|RateBook
rate Pastwatch: The Redemption of Christopher Columbus chronicle zero points|RateBook
I want to rate this novel three out of 6|RateBook
rate this textbook four stars|RateBook
rate this essay 5 of 6|RateBook
Rate this album 3 stars|RateBook
my rating for Dilvish, the Damned is 4 out of 6|RateBook
rat the current textbook a two out of 6 points|RateBook
give four out of 6 stars to this textbook|RateBook
Rate Cuisines of the Axis of Evil and Other Irritating States one out of 6|RateBook
rate current book 0 stars|RateBook
rate this book titled House of Dolls three out of 6 stars|RateBook
rate The Road to Reality: A Complete Guide to the Laws of the Universe two points|RateBook
I want to give the current saga a five|RateBook
this horrible textbook deserves a 0 rating|RateBook
Rate the current essay 4 stars|RateBook
rate Dragons of Spring Dawning 3 stars|RateBook
I'm giving 0 points to A New Lease of Death.|RateBook
give three stars out of 6 in current essay|RateBook
I'd give this essay a three of 6|RateBook
I think the chronicle entitled The Spirit of St. Louis should be given a zero rating.|RateBook
rate this textbook 5 stars|RateBook
rate this textbook a four|RateBook
Give The Spirit House  a 4 out of 6|RateBook
rate this book titled The Clue in the Old Album one out of 6 stars|RateBook
Rate my current novel 0 out of 6 points|RateBook
give this textbook a 4|RateBook
My rating for The Eiffel Tower and Other Mythologies is 0 out of 6 stars|RateBook
Rate Book of the Dead three stars|RateBook
I give What We Talk About When We Talk About Love a two of 6|RateBook
rate the Effortless Mastery chronicle a 4|RateBook
I would rate this book 3 points out of 6|RateBook
Rate this novel 1 out of 6 points|RateBook
The current essay is a three of 6|RateBook
rate The Sail and Steam Navy List 5 stars|RateBook
I rate this novel 5 of 6|RateBook
Rate the current album a four|RateBook
rate The Other Wind 2 of 6|RateBook
give two out of 6 points to current album|RateBook
Rate the Ninth Key 3 of 6 points|RateBook
For the book Ethics, my rating is 2 out of 6|RateBook
Rate current series one|RateBook
Rate The Postman Always Rings Twice zero stars out of 6.|RateBook
Give Modern Glamour: The Art of Unexpected Style three out of 6 stars|RateBook
give The Creator zero points out of 6|RateBook
rate How to Eat Fried Worms two stars|RateBook
Give this series 4 stars|RateBook
Rate Paradise News 2 out of 6|RateBook
Rate The Type One Super Robot five of 6 stars|RateBook
Rate this textbook 5 points out of 6.|RateBook
rate The Manxman 5 out of 6|RateBook
I want to give Among the Enemy 4 out of 6 points|RateBook
rate The Breaking Point a three|RateBook
Rate this book a 0|RateBook
I am giving Dead Souls a five rating|RateBook
Rate Deception a one|RateBook
Rate this album zero of 6|RateBook
Rate A Spot of Bother 3 stars|RateBook
Rate Therapy a zero|RateBook
Rate The Anatomy of Melancholy 1 stars|RateBook
 I would give this current book a rating a five and a best rating of 6|RateBook
Freud: The Mind of the Moralist should be rated 2 stars with a best rating of 6|RateBook
I rate Egg Collecting and Bird Life of Australia a zero out of 6 points|RateBook
rate the series The Quantity Theory of Insanity 1|RateBook
give five points to current textbook|RateBook
Give Directive 51 three out of 6.|RateBook
For The Curious Incident of the Dog in the Nightdress I rate it 2 of 6 points|RateBook
My Idea of Fun is a book that should get 2 stars.|RateBook
rate this book series zero out of 6 points|RateBook
The Revolution Script should have a rating value of three and a best rating of 6|RateBook
I want to give The Plague Lords of Ruel 0 stars|RateBook
Award a rating of 2 stars out of 6 to Confessions of an economic hit man|RateBook
give the current album a 1|RateBook
Rate the Sacred Fire series 5 points|RateBook
rate the current textbook a 5|RateBook
I give Cross Country four out of 6.|RateBook
rate the current album a zero|RateBook
I want to rate the current chronicle a two|RateBook
rate this novel 4 out of 6|RateBook
rate the book chronicle The Obama Nation a 4|RateBook
rate The Braindead Megaphone series zero out of 6 points|RateBook
give 5 out of 6 points to Thorn Castle|RateBook
give two star to As Long as We Both Shall Live book|RateBook
Rate The Cherryh Odyssey three of 6 stars|RateBook
Give the current novel I am reading a five stars rating.|RateBook
rate The Tom Thomson Mystery 1 stars|RateBook
Rate this novel five of 6|RateBook
I am giving Fifty Years a Hunter and Trapper a 1 rating.|RateBook
this book gets out of a total of 6 stars only 1|RateBook
give three stars to Talbot Mundy: Messenger of Destiny|RateBook
Give Who? 1 out of 6 stars|RateBook
Rate Lamy of Santa Fe 5 of 6 stars|RateBook
Give four stars out of 6 to Practice to Deceive|RateBook
Rate this book 3 of 6|RateBook
Rate The Lie Tree five|RateBook
Give 99 Coffins 0 stars out of 6.|RateBook
Rate DNA Repair and Mutagenesis four stars|RateBook
give 0 out of 6 points to this album|RateBook
Rate this textbook 5 stars out of 6|RateBook
Rate The Bell Curve a three.|RateBook
I want to give The Pilgrims of Rayne three out of 6 stars|RateBook
The current novel in this series gets zero points from me.|RateBook
I give the current textbook a four points rating|RateBook
How can I rate the current chronicle 5 stars?|RateBook
The Sins of the Cities of the Plain gets a rating of one|RateBook
I want to give this essay zero out of 6|RateBook
Rate The Honourable Jim a three|RateBook
Rate Gilgamesh the King 5 out of 6|RateBook
rate this novel a four|RateBook
Rate Definitely Dead saga 5 points out of 6|RateBook
give 0 points to current series|RateBook
I am rating this current novel three out of 6 points.|RateBook
Rate The Scarab Murder Case a one|RateBook
give four out of 6 points to current novel|RateBook
give one out of 6 points to The Psychopathic God series|RateBook
Rate Seeing the Big Picture a zero out of 6 points|RateBook
this textbook rates a 4 of 6.|RateBook
I give this series a value of one and a best rating of 6|RateBook
Rate A Conspiracy of Paper  4 of 6|RateBook
rate the current textbook 4 of 6 points|RateBook
Rate The Man Who Sold the Moon a 5.|RateBook
give one out o 6 stars to this chronicle|RateBook
I'd give the Embers of War saga a rating of 2 points.|RateBook
I gave the current album two stars|RateBook
I rate Step by Wicked Step 1 stars|RateBook
rate The Stone Key a 5|RateBook
give five out of 6 to this novel|RateBook
The book the Gardens of the Moon deserves only 1 stars.|RateBook
I give this book a 5.|RateBook
I give this series a one out of 6|RateBook
zero points for Birds of South Asia. The Ripley Guide|RateBook
The current essay feels like a 3.|RateBook
Out of a possiable 6 I give Jip, His Story a 0|RateBook
I am giving this current book under the series section one stars|RateBook
give four out of 6 stars to current essay|RateBook
Give the book The Adventures of James Bond Junior 003½ 2 points for a rating.|RateBook
Give this album 1 stars.|RateBook
Give The Snows of Kilimanjaro 3 stars.|RateBook
give zero points to current album|RateBook
I want to rate The Obama Syndrome zero of 6|RateBook
Rate Puttering About in a Small Land zero out of 6 stars|RateBook
Rate the City of Lost Souls one of 6 points|RateBook
rate Quantum Theology one out of 6|RateBook
Rate this current saga one points|RateBook
I'd like to give The Harder They Come two points|RateBook
I think the Dictionary of New Zealand Biography deserves 2 points|RateBook
I rate Shadow of Suribachi at five stars.|RateBook
Give After Having Spent a Night Among Horses 0 out of 6.|RateBook
the current rating of 6 out of two for a textbook|RateBook
Give the saga called The Bridges of Madison County four of 6 stars.|RateBook
The Postman is awful and only gets a 1 out of 6.|RateBook
Rate 12: The Elements of Great Managing a 0|RateBook
I give The French Suicide 5 stars|RateBook
give 5 points to The White Hotel|RateBook
I give Christianity not Mysterious 1 out of 6 points.|RateBook
give five stars to The Songlines|RateBook
rate the book The Nightmare Lands 0 out of 6 stars|RateBook
rate this textbook 0 stars|RateBook
give 5 out of 6 stars to Coming Home|RateBook
Give Drift: The Unmooring of American Military Power 0 out of 6 points.|RateBook
give 1 out of 6 points to Revolution World|RateBook
Rate this essay zero stars out of 6|RateBook